Scenario,Files,Attributes,Policy,Global Setup (ms),WGA Global Setup (ms),GA Setup (ms),WGA GA Setup (ms),AA Setup (ms),WAA Setup (ms),Encrypt Off (ms),Encrypt On (ms),WDO Encrypt Off (ms),WDO Encrypt On (ms),AES Encrypt Overhead (ms),GA Keygen Off (ms),WGA GA Keygen Off (ms),WGA GA Keygen On (ms),AA Keygen Off (ms),AA Keygen On (ms),WAA Keygen Off (ms),WAA Keygen On (ms),Keygen Ran (ms),WDU TK Update (ms),Decrypt Out (ms),WDU Decrypt (ms),Decrypt User (ms),AES Decrypt Overhead (ms),Total Encrypt Time (ms),Total Decrypt Time (ms),GPK Size (Bytes),GMK Size (Bytes),CT Size (Bytes),UGSK Size (Bytes),UASK Size (Bytes),Success Rate (%)
Fixed_Files_2_Attrs_2,2,2,L1: (0 AND 1) OR L2: (0 AND 1),7.515355013310909,11.097172973677516,0.28491695411503315,0.19141199300065637,34.68020202126354,44.29308499675244,13.88424148899503,7.790922012645751,13.5791230131872,7.613461522851139,39.92802096763626,5.779550992883742,6.016165018081665,1.3985849800519645,6.503693992272019,2.968379994854331,6.087668996769935,3.276699048001319,10.972164978738874,10.21241897251457,9.935851994669065,0.15930950758047402,0.1487090194132179,4.558275104500353,125.6635170429945,25.046016147825867,174,30,1608,270,360,100.0
Fixed_Files_2_Attrs_4,2,4,L1: (0 AND 1 AND 2 AND 3) OR L2: (0 AND 1 AND 2 AND 3),7.485653040930629,8.381007995922118,0.2504150033928454,0.1712110242806375,29.135666030924767,29.80860701063648,26.136733969906345,15.798457490745932,23.36136598023586,14.92580451304093,2.618857950437814,5.943260039202869,6.16827403428033,2.020823012571782,16.729713999666274,9.241460007615387,13.392612047027797,6.57739897724241,17.05373398726806,15.827758994419128,19.402776000788435,0.20056249923072755,0.2005624701268971,3.9252378046512604,163.06358185829595,43.53303974494338,174,30,2688,270,720,100.0
Fixed_Files_2_Attrs_6,2,6,L1: (0 AND 1 AND 2 AND 3 AND 4 AND 5) OR L2: (0 AND 1 AND 2 AND 3 AND 4 AND 5),7.561757985968143,8.592421014327556,0.2083120052702725,0.1746099442243576,29.185269959270954,28.743243019562215,27.850938495248556,17.245345487026498,27.032437996240333,17.59016650612466,2.129429019987583,6.136971991509199,5.7683499762788415,1.4197860145941377,17.313549004029483,8.416411001235247,18.46902002580464,8.59322102041915,21.292591001838446,21.712616027798504,21.61020998028107,0.15940997400321066,0.13925798702985048,3.790428047068417,181.56720598926768,47.60818392969668,174,30,3768,270,1080,100.0
Fixed_Files_2_Attrs_8,2,8,L1: (0 AND 1 AND 2 AND 3 AND 4 AND 5 AND 6 AND 7) OR L2: (0 AND 1 AND 2 AND 3 AND 4 AND 5 AND 6 AND 7),7.466953014954925,13.080593023914844,0.32812001882120967,0.32561999978497624,45.495556958485395,45.39155203383416,41.15864500636235,23.481873504351825,36.508012999547645,23.359816026641056,3.6405219580046833,5.72454696521163,5.699846020434052,1.5776960062794387,23.09079997939989,11.951224005315453,23.77424098085612,11.424492986407131,27.38186001079157,27.703778992872685,28.79619551822543,0.13225802103988826,0.13500801287591457,3.6917230463586748,252.65721703181043,61.81864615064114,174,30,4848,270,1440,100.0
Fixed_Files_2_Attrs_10,2,10,L1: (0 AND 1 AND 2 AND 3 AND 4 AND 5 AND 6 AND 7 AND 8 AND 9) OR L2: (0 AND 1 AND 2 AND 3 AND 4 AND 5 AND 6 AND 7 AND 8 AND 9),7.376347028184682,12.153035961091518,0.4277259577065706,0.2907179878093302,43.96246501710266,35.36434401758015,56.989854492712766,36.8168315035291,56.75774050178006,44.51179853640497,2.4729500291869044,8.83713603252545,8.787433034740388,2.0181229920126498,45.31285201665014,21.36089699342847,28.86545198271051,14.260965981520712,32.340364006813616,33.19751500384882,35.468654008582234,0.13150801532901824,0.14150849892757833,3.9317391347140074,392.6254000980407,75.41508018039167,174,30,5928,270,1800,100.0
Fixed_Files_2_Attrs_12,2,12,L1: (0 AND 1 AND 2 AND 3 AND 4 AND 5 AND 6 AND 7 AND 8 AND 9 AND 10 AND 11) OR L2: (0 AND 1 AND 2 AND 3 AND 4 AND 5 AND 6 AND 7 AND 8 AND 9 AND 10 AND 11),7.2420400101691484,8.567921002395451,0.22511399583891034,0.2671160036697984,29.128369002137333,29.141568986233324,53.05482150288299,34.31833352078684,52.858959505101666,34.58650002721697,2.302940934896469,5.647643003612757,5.739949003327638,1.4397880295291543,36.59172198968008,20.291432039812207,39.46499602170661,17.89718703366816,37.7241910318844,38.71895099291578,43.802209984278306,0.16406047507189214,0.1361584581900388,3.6216209991835058,351.9401700468734,91.82647883426398,174,30,7008,270,2160,100.0
Fixed_Files_2_Attrs_14,2,14,L1: (0 AND 1 AND 2 AND 3 AND 4 AND 5 AND 6 AND 7 AND 8 AND 9 AND 10 AND 11 AND 12 AND 13) OR L2: (0 AND 1 AND 2 AND 3 AND 4 AND 5 AND 6 AND 7 AND 8 AND 9 AND 10 AND 11 AND 12 AND 13),7.360647025052458,8.311805024277419,0.17431098967790604,0.1637099776417017,40.69817200070247,38.427432999014854,92.29315450647846,51.66568749700673,70.12860849499702,46.88384701148607,3.9637399604544044,5.691546015441418,5.525435961317271,1.4802890364080667,40.145036997273564,20.508144982159138,40.11133499443531,20.022916025482118,44.27148896502331,43.290928995702416,51.315266493475065,0.17676048446446657,0.17646097694523633,3.6710239364765584,525.906334980391,107.0079998462461,174,30,8088,270,2520,100.0
Fixed_Files_4_Attrs_2,4,2,L1: (0 AND 1) OR L2: (0 AND 1) OR L3: (0 AND 1) OR L4: (0 AND 1),7.49225402250886,8.924441994167864,0.197211978957057,0.15721004456281662,29.070165008306503,28.68454100098461,10.204519756371155,6.119746758486144,11.64665725082159,7.559959500213154,4.203154938295484,9.042549005243927,8.660524967126548,1.5352939954027534,6.186876038555056,2.8313720249570906,5.908459017518908,2.7991700335405767,10.50843799021095,10.457335039973259,9.003671744721942,0.17458574438933283,0.14465850836131722,7.89117714157328,146.32668800186366,45.18284113146365,174,30,3216,270,360,100.0
Fixed_Files_4_Attrs_4,4,4,L1: (0 AND 1 AND 2 AND 3) OR L2: (0 AND 1 AND 2 AND 3) OR L3: (0 AND 1 AND 2 AND 3) OR L4: (0 AND 1 AND 2 AND 3),7.884079008363187,8.467014005873352,0.23571500787511468,0.15951000386849046,28.52443204028532,28.629738022573292,22.411885496694595,13.352660491364077,22.69425298436545,13.193126011174172,5.627440987154841,9.172557038255036,9.737191023305058,2.2015339927747846,18.011493026278913,6.185875972732902,18.507223983760923,9.08765196800232,20.489844027906656,15.556644008029252,15.35978248284664,0.13385825150180608,0.17098523676395416,7.138032000511885,292.235140921548,69.79653588496149,174,30,5376,270,720,100.0
Fixed_Files_4_Attrs_6,4,6,L1: (0 AND 1 AND 2 AND 3 AND 4 AND 5) OR L2: (0 AND 1 AND 2 AND 3 AND 4 AND 5) OR L3: (0 AND 1 AND 2 AND 3 AND 4 AND 5) OR L4: (0 AND 1 AND 2 AND 3 AND 4 AND 5),7.450052013155073,8.399009995628148,0.25541603099554777,0.16631005564704537,29.732105031143874,28.878753015305847,27.69783126132097,17.17726798960939,27.063618254032917,17.435883739381097,4.259458219166845,5.626441969070584,5.667745019309223,1.4091859920881689,17.31115102302283,8.48841603146866,17.50366302439943,8.635323960334063,21.81552501861006,21.496906003449112,21.8758034898201,0.14180847210809588,0.14913399354554713,7.929980813059956,361.75786319654435,96.59696463495493,174,30,7536,270,1080,100.0
Fixed_Files_4_Attrs_8,4,8,L1: (0 AND 1 AND 2 AND 3 AND 4 AND 5 AND 6 AND 7) OR L2: (0 AND 1 AND 2 AND 3 AND 4 AND 5 AND 6 AND 7) OR L3: (0 AND 1 AND 2 AND 3 AND 4 AND 5 AND 6 AND 7) OR L4: (0 AND 1 AND 2 AND 3 AND 4 AND 5 AND 6 AND 7),7.529358030296862,8.429012028500438,0.22781395819038153,0.15380902914330363,28.37212203303352,28.853652998805046,38.80418124026619,24.83870802097954,37.51345274213236,23.892625991720706,4.219755006488413,6.558398017659783,6.11087103607133,1.4614880201406777,30.272238014731556,12.02793000265956,26.553613017313182,13.231503020506352,30.216634972020984,28.716343047562987,43.684727512300014,0.20711275283247232,0.2927177556557581,9.972705040127039,504.4156269868836,186.71093712328002,174,30,9696,270,1440,100.0
Fixed_Files_4_Attrs_10,4,10,L1: (0 AND 1 AND 2 AND 3 AND 4 AND 5 AND 6 AND 7 AND 8 AND 9) OR L2: (0 AND 1 AND 2 AND 3 AND 4 AND 5 AND 6 AND 7 AND 8 AND 9) OR L3: (0 AND 1 AND 2 AND 3 AND 4 AND 5 AND 6 AND 7 AND 8 AND 9) OR L4: (0 AND 1 AND 2 AND 3 AND 4 AND 5 AND 6 AND 7 AND 8 AND 9),16.822920995764434,15.07181499619037,0.3358200192451477,0.24171400582417846,38.55904197553173,44.39879604615271,51.90837651025504,31.669673015130684,49.48202949890401,32.5158242485486,4.677884979173541,5.682145012542605,5.765550013165921,1.427586015779525,29.041362984571606,14.269165985751897,28.998561028856784,14.836001035291702,31.77202894585207,32.367764972150326,36.72755497973412,0.1366582582704723,0.1395582512486726,7.315544993616641,666.9814980705269,155.3306309506297,174,30,11856,270,1800,100.0
Fixed_Files_4_Attrs_12,4,12,L1: (0 AND 1 AND 2 AND 3 AND 4 AND 5 AND 6 AND 7 AND 8 AND 9 AND 10 AND 11) OR L2: (0 AND 1 AND 2 AND 3 AND 4 AND 5 AND 6 AND 7 AND 8 AND 9 AND 10 AND 11) OR L3: (0 AND 1 AND 2 AND 3 AND 4 AND 5 AND 6 AND 7 AND 8 AND 9 AND 10 AND 11) OR L4: (0 AND 1 AND 2 AND 3 AND 4 AND 5 AND 6 AND 7 AND 8 AND 9 AND 10 AND 11),7.532357005402446,8.31900502089411,0.24061399744823575,0.16381003661081195,41.28890699939802,43.899065000005066,64.64180021430366,37.19103349430952,60.11737523658667,39.27240949997213,7.297846081200987,5.62324101338163,5.610241030808538,1.4747889945283532,34.69580598175526,26.39580302638933,34.77251197909936,17.385555955115706,38.229021010920405,37.51597797963768,71.56317052431405,0.22416326100938022,0.2420147357042879,7.560956873930991,812.1883198618889,295.67835095804185,174,30,14016,270,2160,100.0
Fixed_Files_4_Attrs_14,4,14,L1: (0 AND 1 AND 2 AND 3 AND 4 AND 5 AND 6 AND 7 AND 8 AND 9 AND 10 AND 11 AND 12 AND 13) OR L2: (0 AND 1 AND 2 AND 3 AND 4 AND 5 AND 6 AND 7 AND 8 AND 9 AND 10 AND 11 AND 12 AND 13) OR L3: (0 AND 1 AND 2 AND 3 AND 4 AND 5 AND 6 AND 7 AND 8 AND 9 AND 10 AND 11 AND 12 AND 13) OR L4: (0 AND 1 AND 2 AND 3 AND 4 AND 5 AND 6 AND 7 AND 8 AND 9 AND 10 AND 11 AND 12 AND 13),8.059490006417036,8.448212989605963,0.21211296552792192,0.16150996088981628,29.034162987954915,32.13435097131878,79.85022374487016,47.18694451730698,71.33621248067357,48.089123505633324,7.654464978259057,5.625942954793572,5.592941946815699,1.403586007654667,39.850532019045204,19.908514979761094,40.03774299053475,20.39544499712065,44.26940198754892,42.38688695477322,65.58295250579249,0.2554907405283302,0.2232140104752034,7.261042948812246,993.5044819721952,271.50767197599635,174,30,16176,270,2520,100.0
Fixed_Files_6_Attrs_2,6,2,L1: (0 AND 1) OR L2: (0 AND 1) OR L3: (0 AND 1) OR L4: (0 AND 1) OR L5: (0 AND 1) OR L6: (0 AND 1),7.627365994267166,8.690931019373238,0.25921600172296166,0.17461099196225405,30.038233031518757,36.378521006554365,11.633726496559879,5.9968491647547735,10.578395498062795,5.908460346593832,6.262882088776678,5.57193998247385,5.821856029797345,1.4306880184449255,6.031567987520248,2.855674014426768,5.8626579702831805,2.9075779602862895,10.55734499823302,10.18672197824344,14.997565488253409,0.2586989721748978,0.27569981951576966,11.428400233853608,210.96747112460434,104.62018591351807,174,30,4824,270,360,100.0
Fixed_Files_6_Attrs_4,6,4,L1: (0 AND 1 AND 2 AND 3) OR L2: (0 AND 1 AND 2 AND 3) OR L3: (0 AND 1 AND 2 AND 3) OR L4: (0 AND 1 AND 2 AND 3) OR L5: (0 AND 1 AND 2 AND 3) OR L6: (0 AND 1 AND 2 AND 3),7.331148022785783,8.425814041402191,0.2134130336344242,0.16021000919863582,28.603944985661656,28.670449974015355,21.181726314049836,13.583311985712498,21.913620691824082,13.435036836502453,6.187079998198897,5.663044983521104,5.563538987189531,1.3935850001871586,11.465499992482364,5.620842974167317,11.621608980931342,5.709147953893989,15.610352042131126,15.596151992212981,15.566133176131794,0.13390799479869506,0.15155950677581131,10.914965067058802,426.8692549667321,106.02456913329661,174,30,8064,270,720,100.0
Fixed_Files_6_Attrs_6,6,6,L1: (0 AND 1 AND 2 AND 3 AND 4 AND 5) OR L2: (0 AND 1 AND 2 AND 3 AND 4 AND 5) OR L3: (0 AND 1 AND 2 AND 3 AND 4 AND 5) OR L4: (0 AND 1 AND 2 AND 3 AND 4 AND 5) OR L5: (0 AND 1 AND 2 AND 3 AND 4 AND 5) OR L6: (0 AND 1 AND 2 AND 3 AND 4 AND 5),7.643166987691075,8.444815000984818,0.20921300165355206,0.15580898616462946,29.1094760177657,30.186543008312583,28.0489621606345,18.145791167626157,31.164885498583317,19.41036799689755,6.17227703332901,5.787053960375488,7.952485990244895,2.2705390001647174,24.20997800072655,8.681330014951527,23.21641700109467,9.130456950515509,36.888150963932276,25.491355976555496,28.01779317087494,0.1600929923976461,0.16987733154868087,13.513520825654268,586.7923179757781,183.60010179458186,174,30,11304,270,1080,100.0
Fixed_Files_6_Attrs_8,6,8,L1: (0 AND 1 AND 2 AND 3 AND 4 AND 5 AND 6 AND 7) OR L2: (0 AND 1 AND 2 AND 3 AND 4 AND 5 AND 6 AND 7) OR L3: (0 AND 1 AND 2 AND 3 AND 4 AND 5 AND 6 AND 7) OR L4: (0 AND 1 AND 2 AND 3 AND 4 AND 5 AND 6 AND 7) OR L5: (0 AND 1 AND 2 AND 3 AND 4 AND 5 AND 6 AND 7) OR L6: (0 AND 1 AND 2 AND 3 AND 4 AND 5 AND 6 AND 7),7.2346419910900295,8.264405012596399,0.19821204477921128,0.15280902152881026,29.77901796111837,28.71595195028931,40.77358834911138,27.59220065975872,40.783422494617604,24.714491669631872,6.184678990393877,5.749450996518135,5.708848999347538,1.453888020478189,22.929299040697515,11.286488035693765,23.31042301375419,11.572206974960864,27.114655007608235,27.674688957631588,28.45695349969901,0.14020848902873695,0.13722497775840262,11.096972972154617,809.3668980291113,183.50329477107152,174,30,14544,270,1440,100.0
Fixed_Files_6_Attrs_10,6,10,L1: (0 AND 1 AND 2 AND 3 AND 4 AND 5 AND 6 AND 7 AND 8 AND 9) OR L2: (0 AND 1 AND 2 AND 3 AND 4 AND 5 AND 6 AND 7 AND 8 AND 9) OR L3: (0 AND 1 AND 2 AND 3 AND 4 AND 5 AND 6 AND 7 AND 8 AND 9) OR L4: (0 AND 1 AND 2 AND 3 AND 4 AND 5 AND 6 AND 7 AND 8 AND 9) OR L5: (0 AND 1 AND 2 AND 3 AND 4 AND 5 AND 6 AND 7 AND 8 AND 9) OR L6: (0 AND 1 AND 2 AND 3 AND 4 AND 5 AND 6 AND 7 AND 8 AND 9),7.600063981954008,8.670029987115413,0.3765230067074299,0.33202103804796934,30.565865978132933,28.771656041499227,48.280546839426584,31.544958338296663,46.45051831418338,29.78213417615431,6.201277894433588,5.6487449910491705,5.731449986342341,1.4214860275387764,45.675287023186684,14.594490989111364,28.482438006903976,14.302672992926091,32.64009300619364,32.29387098690495,36.203026170066245,0.13337483202728131,0.13980867030719915,10.707753943279386,942.5502239027992,229.56501197768375,174,30,17784,270,1800,100.0
Fixed_Files_6_Attrs_12,6,12,L1: (0 AND 1 AND 2 AND 3 AND 4 AND 5 AND 6 AND 7 AND 8 AND 9 AND 10 AND 11) OR L2: (0 AND 1 AND 2 AND 3 AND 4 AND 5 AND 6 AND 7 AND 8 AND 9 AND 10 AND 11) OR L3: (0 AND 1 AND 2 AND 3 AND 4 AND 5 AND 6 AND 7 AND 8 AND 9 AND 10 AND 11) OR L4: (0 AND 1 AND 2 AND 3 AND 4 AND 5 AND 6 AND 7 AND 8 AND 9 AND 10 AND 11) OR L5: (0 AND 1 AND 2 AND 3 AND 4 AND 5 AND 6 AND 7 AND 8 AND 9 AND 10 AND 11) OR L6: (0 AND 1 AND 2 AND 3 AND 4 AND 5 AND 6 AND 7 AND 8 AND 9 AND 10 AND 11),7.389251026324928,8.369710994884372,0.2673169947229326,0.23761502234265208,29.362491972278804,29.499299998860806,59.40072549856268,39.02534816491728,62.95082533809667,41.84995417987617,7.531657931394875,5.6938480120152235,5.626244004815817,1.3914850424043834,37.267274979967624,16.999838000629097,34.27719202591106,16.98073704028502,38.673061004374176,38.21633302140981,42.02144800607736,0.13907517616947493,0.14162551572856805,10.71415311889723,1226.8927770201117,264.52704530674964,174,30,21024,270,2160,100.0
Fixed_Files_6_Attrs_14,6,14,L1: (0 AND 1 AND 2 AND 3 AND 4 AND 5 AND 6 AND 7 AND 8 AND 9 AND 10 AND 11 AND 12 AND 13) OR L2: (0 AND 1 AND 2 AND 3 AND 4 AND 5 AND 6 AND 7 AND 8 AND 9 AND 10 AND 11 AND 12 AND 13) OR L3: (0 AND 1 AND 2 AND 3 AND 4 AND 5 AND 6 AND 7 AND 8 AND 9 AND 10 AND 11 AND 12 AND 13) OR L4: (0 AND 1 AND 2 AND 3 AND 4 AND 5 AND 6 AND 7 AND 8 AND 9 AND 10 AND 11 AND 12 AND 13) OR L5: (0 AND 1 AND 2 AND 3 AND 4 AND 5 AND 6 AND 7 AND 8 AND 9 AND 10 AND 11 AND 12 AND 13) OR L6: (0 AND 1 AND 2 AND 3 AND 4 AND 5 AND 6 AND 7 AND 8 AND 9 AND 10 AND 11 AND 12 AND 13),7.181337976362556,8.189700020011514,0.17571100033819675,0.17551099881529808,28.55574304703623,28.73405400896445,65.46358700143173,40.686994179850444,62.34874466705757,41.31606452089424,6.120073841884732,5.65394398290664,5.760549975093454,1.778807956725359,41.799339989665896,20.092820981517434,40.62186903320253,19.860406988300383,44.35859603108838,43.60845102928579,54.34718600978764,0.1778608226838211,0.16309317046155533,11.058073898311704,1265.0124160572886,339.1869139159098,174,30,24264,270,2520,100.0
Fixed_Files_8_Attrs_2,8,2,L1: (0 AND 1) OR L2: (0 AND 1) OR L3: (0 AND 1) OR L4: (0 AND 1) OR L5: (0 AND 1) OR L6: (0 AND 1) OR L7: (0 AND 1) OR L8: (0 AND 1),11.337988951709121,13.335009978618473,0.3897239803336561,0.30081800650805235,44.32089300826192,44.369296985678375,13.788650634523947,7.937907372252084,13.400901880231686,7.576597992738243,13.473022205289453,8.889841032214463,8.856238971929997,2.2715380182489753,8.810036000795662,4.432070010807365,8.925042988266796,4.356764955446124,15.386936021968722,14.615988999139518,14.661778492154554,0.23671425151405856,0.23600173881277442,20.248731831088662,355.10548524325714,141.32468769093975,174,30,6432,270,360,100.0
Fixed_Files_8_Attrs_4,8,4,L1: (0 AND 1 AND 2 AND 3) OR L2: (0 AND 1 AND 2 AND 3) OR L3: (0 AND 1 AND 2 AND 3) OR L4: (0 AND 1 AND 2 AND 3) OR L5: (0 AND 1 AND 2 AND 3) OR L6: (0 AND 1 AND 2 AND 3) OR L7: (0 AND 1 AND 2 AND 3) OR L8: (0 AND 1 AND 2 AND 3),7.454852981027216,8.848438039422035,0.22731401259079576,0.16161001985892653,29.072767007164657,28.84825400542468,20.372388004034292,13.046380525338463,20.136411243584007,12.335261875705328,8.462414785753936,5.606739956419915,5.698846012819558,1.4504880527965724,11.93032501032576,6.058767961803824,11.437895998824388,5.706347001250833,15.665652987081558,15.61004895484075,16.725554007280152,0.18288625142304227,0.1746357447700575,17.870285955723375,535.5859479750507,154.5348939835094,174,30,10752,270,720,100.0
Fixed_Files_8_Attrs_6,8,6,L1: (0 AND 1 AND 2 AND 3 AND 4 AND 5) OR L2: (0 AND 1 AND 2 AND 3 AND 4 AND 5) OR L3: (0 AND 1 AND 2 AND 3 AND 4 AND 5) OR L4: (0 AND 1 AND 2 AND 3 AND 4 AND 5) OR L5: (0 AND 1 AND 2 AND 3 AND 4 AND 5) OR L6: (0 AND 1 AND 2 AND 3 AND 4 AND 5) OR L7: (0 AND 1 AND 2 AND 3 AND 4 AND 5) OR L8: (0 AND 1 AND 2 AND 3 AND 4 AND 5),7.530857983510941,8.584921015426517,0.1864110236056149,0.2607160131447017,29.13917100522667,28.704344003926963,31.332441511040088,20.25734361814102,30.72872987104347,20.082357747014612,8.074392972048372,5.5634379968978465,5.780751002021134,1.4879900263622403,20.52144700428471,8.591821999289095,19.200766982976347,8.450214052572846,24.301977013237774,33.108311996329576,23.382833496725652,0.13597061479231343,0.1626473749638535,20.914873923175037,827.2813749499619,210.3664858150296,174,30,15072,270,1080,100.0
Fixed_Files_8_Attrs_8,8,8,L1: (0 AND 1 AND 2 AND 3 AND 4 AND 5 AND 6 AND 7) OR L2: (0 AND 1 AND 2 AND 3 AND 4 AND 5 AND 6 AND 7) OR L3: (0 AND 1 AND 2 AND 3 AND 4 AND 5 AND 6 AND 7) OR L4: (0 AND 1 AND 2 AND 3 AND 4 AND 5 AND 6 AND 7) OR L5: (0 AND 1 AND 2 AND 3 AND 4 AND 5 AND 6 AND 7) OR L6: (0 AND 1 AND 2 AND 3 AND 4 AND 5 AND 6 AND 7) OR L7: (0 AND 1 AND 2 AND 3 AND 4 AND 5 AND 6 AND 7) OR L8: (0 AND 1 AND 2 AND 3 AND 4 AND 5 AND 6 AND 7),7.5177569524385035,8.763532037846744,0.25781599106267095,0.17511099576950073,29.587897995952517,33.34812598768622,39.62799574946985,25.24393422936555,36.463253367401194,22.987184369412716,12.715771037619561,5.658744019456208,5.690246005542576,1.588695973623544,23.240912007167935,11.591004964429885,23.48632802022621,11.352889996487647,26.51681099087,26.785127993207425,31.33839199290378,0.15215938037727028,0.15663413068978116,14.884500007610768,1007.294712762814,268.0619840393774,174,30,19392,270,1440,100.0
Fixed_Files_8_Attrs_10,8,10,L1: (0 AND 1 AND 2 AND 3 AND 4 AND 5 AND 6 AND 7 AND 8 AND 9) OR L2: (0 AND 1 AND 2 AND 3 AND 4 AND 5 AND 6 AND 7 AND 8 AND 9) OR L3: (0 AND 1 AND 2 AND 3 AND 4 AND 5 AND 6 AND 7 AND 8 AND 9) OR L4: (0 AND 1 AND 2 AND 3 AND 4 AND 5 AND 6 AND 7 AND 8 AND 9) OR L5: (0 AND 1 AND 2 AND 3 AND 4 AND 5 AND 6 AND 7 AND 8 AND 9) OR L6: (0 AND 1 AND 2 AND 3 AND 4 AND 5 AND 6 AND 7 AND 8 AND 9) OR L7: (0 AND 1 AND 2 AND 3 AND 4 AND 5 AND 6 AND 7 AND 8 AND 9) OR L8: (0 AND 1 AND 2 AND 3 AND 4 AND 5 AND 6 AND 7 AND 8 AND 9),11.304887011647224,9.000046993605793,0.23701402824372053,0.15840900596231222,29.724707012064755,29.027463984675705,45.32815475249663,29.211500244855415,47.12781410489697,30.282190382422414,8.120892860461026,8.706629043444991,8.702629012987018,2.226634998805821,44.17268402175978,21.888529998250306,44.88462797598913,22.15684700058773,45.70867703296244,32.5159759959206,35.999162508232985,0.1351581231574528,0.14158350677462295,14.997410238720477,1223.7181687378325,305.20464334404096,174,30,23712,270,1800,100.0
Fixed_Files_8_Attrs_12,8,12,L1: (0 AND 1 AND 2 AND 3 AND 4 AND 5 AND 6 AND 7 AND 8 AND 9 AND 10 AND 11) OR L2: (0 AND 1 AND 2 AND 3 AND 4 AND 5 AND 6 AND 7 AND 8 AND 9 AND 10 AND 11) OR L3: (0 AND 1 AND 2 AND 3 AND 4 AND 5 AND 6 AND 7 AND 8 AND 9 AND 10 AND 11) OR L4: (0 AND 1 AND 2 AND 3 AND 4 AND 5 AND 6 AND 7 AND 8 AND 9 AND 10 AND 11) OR L5: (0 AND 1 AND 2 AND 3 AND 4 AND 5 AND 6 AND 7 AND 8 AND 9 AND 10 AND 11) OR L6: (0 AND 1 AND 2 AND 3 AND 4 AND 5 AND 6 AND 7 AND 8 AND 9 AND 10 AND 11) OR L7: (0 AND 1 AND 2 AND 3 AND 4 AND 5 AND 6 AND 7 AND 8 AND 9 AND 10 AND 11) OR L8: (0 AND 1 AND 2 AND 3 AND 4 AND 5 AND 6 AND 7 AND 8 AND 9 AND 10 AND 11),7.123432995285839,12.856180954258889,0.4025240195915103,0.3026180202141404,44.1228820127435,44.391496980097145,59.83325263514416,36.08517925749766,56.68754686485045,37.49766339024063,12.53005996113643,5.64984098309651,5.679742025677115,1.4345870004035532,34.460377995856106,17.07252999767661,34.55268300604075,17.06993003608659,38.17880304995924,37.45605901349336,54.32148851105012,0.18067361816065386,0.1817861048039049,15.349225199315697,1533.3591971429996,452.8208110714331,174,30,28032,270,2160,100.0
Fixed_Files_8_Attrs_14,8,14,L1: (0 AND 1 AND 2 AND 3 AND 4 AND 5 AND 6 AND 7 AND 8 AND 9 AND 10 AND 11 AND 12 AND 13) OR L2: (0 AND 1 AND 2 AND 3 AND 4 AND 5 AND 6 AND 7 AND 8 AND 9 AND 10 AND 11 AND 12 AND 13) OR L3: (0 AND 1 AND 2 AND 3 AND 4 AND 5 AND 6 AND 7 AND 8 AND 9 AND 10 AND 11 AND 12 AND 13) OR L4: (0 AND 1 AND 2 AND 3 AND 4 AND 5 AND 6 AND 7 AND 8 AND 9 AND 10 AND 11 AND 12 AND 13) OR L5: (0 AND 1 AND 2 AND 3 AND 4 AND 5 AND 6 AND 7 AND 8 AND 9 AND 10 AND 11 AND 12 AND 13) OR L6: (0 AND 1 AND 2 AND 3 AND 4 AND 5 AND 6 AND 7 AND 8 AND 9 AND 10 AND 11 AND 12 AND 13) OR L7: (0 AND 1 AND 2 AND 3 AND 4 AND 5 AND 6 AND 7 AND 8 AND 9 AND 10 AND 11 AND 12 AND 13) OR L8: (0 AND 1 AND 2 AND 3 AND 4 AND 5 AND 6 AND 7 AND 8 AND 9 AND 10 AND 11 AND 12 AND 13),7.244036998599768,8.980140963103622,0.20791200222447515,0.17791002755984664,29.10055499523878,28.827537957113236,67.1682009997312,43.142164264281746,66.06557199120289,43.71599925798364,8.212296874262393,5.691742990165949,6.185373000334948,1.493790012318641,42.681774008087814,20.142815017607063,40.26362899458036,19.9963059858419,43.91664802096784,43.7319379998371,54.07067350461148,0.15388437896035612,0.15259649808285758,14.719791244715452,1768.9477889798582,449.737026297953,174,30,32352,270,2520,100.0
Fixed_Files_10_Attrs_2,10,2,L1: (0 AND 1) OR L2: (0 AND 1) OR L3: (0 AND 1) OR L4: (0 AND 1) OR L5: (0 AND 1) OR L6: (0 AND 1) OR L7: (0 AND 1) OR L8: (0 AND 1) OR L9: (0 AND 1) OR L10: (0 AND 1),7.226035988423973,8.19639500696212,0.2093130024150014,0.1562089892104268,28.436315013095737,28.51701999315992,11.224887089338154,6.347712903516367,11.214716301765293,6.487211398780346,11.374882713425905,5.657942034304142,5.619939009193331,1.5269920113496482,5.701043992303312,2.8918739990331233,5.681042966898531,2.8807740309275687,9.749787976033986,10.097909020259976,15.33796499716118,0.2668559201993048,0.2716763992793858,18.503321043681353,364.1201596474275,177.26829421008006,174,30,8040,270,360,100.0
Fixed_Files_10_Attrs_4,10,4,L1: (0 AND 1 AND 2 AND 3) OR L2: (0 AND 1 AND 2 AND 3) OR L3: (0 AND 1 AND 2 AND 3) OR L4: (0 AND 1 AND 2 AND 3) OR L5: (0 AND 1 AND 2 AND 3) OR L6: (0 AND 1 AND 2 AND 3) OR L7: (0 AND 1 AND 2 AND 3) OR L8: (0 AND 1 AND 2 AND 3) OR L9: (0 AND 1 AND 2 AND 3) OR L10: (0 AND 1 AND 2 AND 3),11.148772027809173,13.340505014639348,0.35212101647630334,0.3041189629584551,44.38227700302377,30.980768031440675,19.089891202747822,11.810112203238532,19.035907805664465,12.14828259544447,10.146813932806253,5.632938991766423,5.701743997633457,1.4958910178393126,11.666904028970748,5.596438015345484,11.663804005365819,5.783247994259,15.738549001980573,15.575739031191915,15.749589906772599,0.14057839871384203,0.14852899475954473,17.68006623024121,630.9887520037591,178.06703923270106,174,30,13440,270,720,100.0
Fixed_Files_10_Attrs_6,10,6,L1: (0 AND 1 AND 2 AND 3 AND 4 AND 5) OR L2: (0 AND 1 AND 2 AND 3 AND 4 AND 5) OR L3: (0 AND 1 AND 2 AND 3 AND 4 AND 5) OR L4: (0 AND 1 AND 2 AND 3 AND 4 AND 5) OR L5: (0 AND 1 AND 2 AND 3 AND 4 AND 5) OR L6: (0 AND 1 AND 2 AND 3 AND 4 AND 5) OR L7: (0 AND 1 AND 2 AND 3 AND 4 AND 5) OR L8: (0 AND 1 AND 2 AND 3 AND 4 AND 5) OR L9: (0 AND 1 AND 2 AND 3 AND 4 AND 5) OR L10: (0 AND 1 AND 2 AND 3 AND 4 AND 5),7.33244203729555,8.380005019716918,0.1988119911402464,0.19151100423187017,28.851840004790574,28.694131004158407,31.056952994549647,20.219489804003388,31.205701996805146,19.17149611399509,10.031604091636837,5.588236963376403,5.686143005732447,1.4503870042972267,17.650065012276173,8.441408979706466,17.24243996432051,8.461510005872697,20.749752002302557,20.633344014640898,21.92458240315318,0.13279797276481986,0.14618858112953603,18.629512982442975,1026.5680131851695,240.66520255291834,174,30,18840,270,1080,100.0
Fixed_Files_10_Attrs_8,10,8,L1: (0 AND 1 AND 2 AND 3 AND 4 AND 5 AND 6 AND 7) OR L2: (0 AND 1 AND 2 AND 3 AND 4 AND 5 AND 6 AND 7) OR L3: (0 AND 1 AND 2 AND 3 AND 4 AND 5 AND 6 AND 7) OR L4: (0 AND 1 AND 2 AND 3 AND 4 AND 5 AND 6 AND 7) OR L5: (0 AND 1 AND 2 AND 3 AND 4 AND 5 AND 6 AND 7) OR L6: (0 AND 1 AND 2 AND 3 AND 4 AND 5 AND 6 AND 7) OR L7: (0 AND 1 AND 2 AND 3 AND 4 AND 5 AND 6 AND 7) OR L8: (0 AND 1 AND 2 AND 3 AND 4 AND 5 AND 6 AND 7) OR L9: (0 AND 1 AND 2 AND 3 AND 4 AND 5 AND 6 AND 7) OR L10: (0 AND 1 AND 2 AND 3 AND 4 AND 5 AND 6 AND 7),7.183832989539951,8.518513990566134,0.25411503156647086,0.16170897288247943,28.890541987493634,28.884742001537234,38.36147180991247,23.415937402751297,37.9897206032183,25.154533301247284,10.22791804280132,6.21437601512298,5.634240980725735,1.436886959709227,23.871445970144123,11.285784014035016,23.409318004269153,17.038532008882612,42.18515497632325,38.80065097473562,30.4838765936438,0.13895840384066105,0.15827970346435905,20.186821871902794,1259.4445492140949,327.997968881391,174,30,24240,270,1440,100.0
Fixed_Files_10_Attrs_10,10,10,L1: (0 AND 1 AND 2 AND 3 AND 4 AND 5 AND 6 AND 7 AND 8 AND 9) OR L2: (0 AND 1 AND 2 AND 3 AND 4 AND 5 AND 6 AND 7 AND 8 AND 9) OR L3: (0 AND 1 AND 2 AND 3 AND 4 AND 5 AND 6 AND 7 AND 8 AND 9) OR L4: (0 AND 1 AND 2 AND 3 AND 4 AND 5 AND 6 AND 7 AND 8 AND 9) OR L5: (0 AND 1 AND 2 AND 3 AND 4 AND 5 AND 6 AND 7 AND 8 AND 9) OR L6: (0 AND 1 AND 2 AND 3 AND 4 AND 5 AND 6 AND 7 AND 8 AND 9) OR L7: (0 AND 1 AND 2 AND 3 AND 4 AND 5 AND 6 AND 7 AND 8 AND 9) OR L8: (0 AND 1 AND 2 AND 3 AND 4 AND 5 AND 6 AND 7 AND 8 AND 9) OR L9: (0 AND 1 AND 2 AND 3 AND 4 AND 5 AND 6 AND 7 AND 8 AND 9) OR L10: (0 AND 1 AND 2 AND 3 AND 4 AND 5 AND 6 AND 7 AND 8 AND 9),7.406349002849311,8.18999600596726,0.1878109760582447,0.1799110323190689,28.60193303786218,28.621534002013505,49.63725709822029,31.918773788493127,48.4509552072268,32.30193700874224,9.940002870280296,5.618540977593511,5.594738991931081,1.5730950399301946,29.19626794755459,14.313267020042986,28.89725100249052,14.244263002183288,32.84078900469467,32.80028700828552,42.17546500149183,0.1747206028085202,0.1842210884205997,21.89252828247845,1633.0292338971049,447.23659520968795,174,30,29640,270,1800,100.0
Fixed_Files_10_Attrs_12,10,12,L1: (0 AND 1 AND 2 AND 3 AND 4 AND 5 AND 6 AND 7 AND 8 AND 9 AND 10 AND 11) OR L2: (0 AND 1 AND 2 AND 3 AND 4 AND 5 AND 6 AND 7 AND 8 AND 9 AND 10 AND 11) OR L3: (0 AND 1 AND 2 AND 3 AND 4 AND 5 AND 6 AND 7 AND 8 AND 9 AND 10 AND 11) OR L4: (0 AND 1 AND 2 AND 3 AND 4 AND 5 AND 6 AND 7 AND 8 AND 9 AND 10 AND 11) OR L5: (0 AND 1 AND 2 AND 3 AND 4 AND 5 AND 6 AND 7 AND 8 AND 9 AND 10 AND 11) OR L6: (0 AND 1 AND 2 AND 3 AND 4 AND 5 AND 6 AND 7 AND 8 AND 9 AND 10 AND 11) OR L7: (0 AND 1 AND 2 AND 3 AND 4 AND 5 AND 6 AND 7 AND 8 AND 9 AND 10 AND 11) OR L8: (0 AND 1 AND 2 AND 3 AND 4 AND 5 AND 6 AND 7 AND 8 AND 9 AND 10 AND 11) OR L9: (0 AND 1 AND 2 AND 3 AND 4 AND 5 AND 6 AND 7 AND 8 AND 9 AND 10 AND 11) OR L10: (0 AND 1 AND 2 AND 3 AND 4 AND 5 AND 6 AND 7 AND 8 AND 9 AND 10 AND 11),12.044729955960065,13.477716012857854,0.37342298310250044,0.2996179973706603,44.66800601221621,44.908320996910334,58.13507182174362,37.49016119982116,57.862985390238464,37.13398961699568,15.216422034427524,8.947141992393881,9.05244902241975,2.187132020480931,45.28044298058376,26.05987904826179,53.45243896590546,26.56750997994095,60.46226201578975,59.25678997300565,50.2613848017063,0.16662011039443314,0.18141099717468023,20.062312891241163,1921.4385023224168,526.1564719839953,174,30,35040,270,2160,100.0
Fixed_Files_10_Attrs_14,10,14,L1: (0 AND 1 AND 2 AND 3 AND 4 AND 5 AND 6 AND 7 AND 8 AND 9 AND 10 AND 11 AND 12 AND 13) OR L2: (0 AND 1 AND 2 AND 3 AND 4 AND 5 AND 6 AND 7 AND 8 AND 9 AND 10 AND 11 AND 12 AND 13) OR L3: (0 AND 1 AND 2 AND 3 AND 4 AND 5 AND 6 AND 7 AND 8 AND 9 AND 10 AND 11 AND 12 AND 13) OR L4: (0 AND 1 AND 2 AND 3 AND 4 AND 5 AND 6 AND 7 AND 8 AND 9 AND 10 AND 11 AND 12 AND 13) OR L5: (0 AND 1 AND 2 AND 3 AND 4 AND 5 AND 6 AND 7 AND 8 AND 9 AND 10 AND 11 AND 12 AND 13) OR L6: (0 AND 1 AND 2 AND 3 AND 4 AND 5 AND 6 AND 7 AND 8 AND 9 AND 10 AND 11 AND 12 AND 13) OR L7: (0 AND 1 AND 2 AND 3 AND 4 AND 5 AND 6 AND 7 AND 8 AND 9 AND 10 AND 11 AND 12 AND 13) OR L8: (0 AND 1 AND 2 AND 3 AND 4 AND 5 AND 6 AND 7 AND 8 AND 9 AND 10 AND 11 AND 12 AND 13) OR L9: (0 AND 1 AND 2 AND 3 AND 4 AND 5 AND 6 AND 7 AND 8 AND 9 AND 10 AND 11 AND 12 AND 13) OR L10: (0 AND 1 AND 2 AND 3 AND 4 AND 5 AND 6 AND 7 AND 8 AND 9 AND 10 AND 11 AND 12 AND 13),11.163277027662843,13.05939198937267,0.3481219755485654,0.29211799846962094,43.74985001049936,44.44949299795553,69.78960140259005,44.592137302970514,68.1839543976821,46.276778588071465,16.950025863479823,5.687244003638625,5.57993701659143,1.6085980460047722,40.79896496841684,20.096415013540536,40.99917801795527,19.935805001296103,43.980857997667044,44.00015901774168,54.823612596374005,0.151409104000777,0.15924961189739406,18.145197245758027,2305.374742776621,569.4879103684798,174,30,40440,270,2520,100.0
Fixed_Files_12_Attrs_2,12,2,L1: (0 AND 1) OR L2: (0 AND 1) OR L3: (0 AND 1) OR L4: (0 AND 1) OR L5: (0 AND 1) OR L6: (0 AND 1) OR L7: (0 AND 1) OR L8: (0 AND 1) OR L9: (0 AND 1) OR L10: (0 AND 1) OR L11: (0 AND 1) OR L12: (0 AND 1),11.752010032068938,13.831835996825248,0.3304200363345444,0.3014190006069839,45.51854997407645,46.10358603531495,11.347969154788492,6.600665583391674,11.046825830514232,6.341141575830989,19.68878979096189,5.930959014222026,5.8137510204687715,1.495590026024729,6.486692000180483,2.8326709871180356,6.736506999004632,3.419707005377859,10.631542012561113,10.481933015398681,8.929989426784838,0.13791675155516714,0.1622015843167901,29.573085135780275,443.7280155252665,140.33437828766182,174,30,9648,270,360,100.0
Fixed_Files_12_Attrs_4,12,4,L1: (0 AND 1 AND 2 AND 3) OR L2: (0 AND 1 AND 2 AND 3) OR L3: (0 AND 1 AND 2 AND 3) OR L4: (0 AND 1 AND 2 AND 3) OR L5: (0 AND 1 AND 2 AND 3) OR L6: (0 AND 1 AND 2 AND 3) OR L7: (0 AND 1 AND 2 AND 3) OR L8: (0 AND 1 AND 2 AND 3) OR L9: (0 AND 1 AND 2 AND 3) OR L10: (0 AND 1 AND 2 AND 3) OR L11: (0 AND 1 AND 2 AND 3) OR L12: (0 AND 1 AND 2 AND 3),7.93498003622517,8.842535025905818,0.2261140034534037,0.22791401715949178,29.511983040720224,34.503685019444674,23.435040842741728,14.361767748293156,23.63246116146911,13.838527743549397,18.799236277118325,5.5940379970707,5.675642983987927,1.5202920185402036,11.466593015938997,5.723945971112698,11.47209299961105,5.850152985658497,15.488335979171097,15.320926031563431,18.212592171039432,0.17173516001397124,0.1781523460522294,21.73791528912261,922.012806229759,244.4876714143902,174,30,16128,270,720,100.0
Fixed_Files_12_Attrs_6,12,6,L1: (0 AND 1 AND 2 AND 3 AND 4 AND 5) OR L2: (0 AND 1 AND 2 AND 3 AND 4 AND 5) OR L3: (0 AND 1 AND 2 AND 3 AND 4 AND 5) OR L4: (0 AND 1 AND 2 AND 3 AND 4 AND 5) OR L5: (0 AND 1 AND 2 AND 3 AND 4 AND 5) OR L6: (0 AND 1 AND 2 AND 3 AND 4 AND 5) OR L7: (0 AND 1 AND 2 AND 3 AND 4 AND 5) OR L8: (0 AND 1 AND 2 AND 3 AND 4 AND 5) OR L9: (0 AND 1 AND 2 AND 3 AND 4 AND 5) OR L10: (0 AND 1 AND 2 AND 3 AND 4 AND 5) OR L11: (0 AND 1 AND 2 AND 3 AND 4 AND 5) OR L12: (0 AND 1 AND 2 AND 3 AND 4 AND 5),8.780830015894026,10.280920949298888,0.35912200110033154,0.24441495770588517,39.606792968697846,42.485966987442225,31.79783792196152,18.978146579077777,30.975671577228542,20.379239504109137,20.048412960022688,5.765948968473822,6.718505988828838,2.2524360101670027,19.648686982691288,8.58861900633201,17.176638008095324,9.107150021009147,29.612988990265876,33.49282400449738,21.940417243361782,0.13867507611090937,0.14039199353040507,30.525446170940995,1245.6191599485464,297.15925792697817,174,30,22608,270,1080,100.0
Fixed_Files_12_Attrs_8,12,8,L1: (0 AND 1 AND 2 AND 3 AND 4 AND 5 AND 6 AND 7) OR L2: (0 AND 1 AND 2 AND 3 AND 4 AND 5 AND 6 AND 7) OR L3: (0 AND 1 AND 2 AND 3 AND 4 AND 5 AND 6 AND 7) OR L4: (0 AND 1 AND 2 AND 3 AND 4 AND 5 AND 6 AND 7) OR L5: (0 AND 1 AND 2 AND 3 AND 4 AND 5 AND 6 AND 7) OR L6: (0 AND 1 AND 2 AND 3 AND 4 AND 5 AND 6 AND 7) OR L7: (0 AND 1 AND 2 AND 3 AND 4 AND 5 AND 6 AND 7) OR L8: (0 AND 1 AND 2 AND 3 AND 4 AND 5 AND 6 AND 7) OR L9: (0 AND 1 AND 2 AND 3 AND 4 AND 5 AND 6 AND 7) OR L10: (0 AND 1 AND 2 AND 3 AND 4 AND 5 AND 6 AND 7) OR L11: (0 AND 1 AND 2 AND 3 AND 4 AND 5 AND 6 AND 7) OR L12: (0 AND 1 AND 2 AND 3 AND 4 AND 5 AND 6 AND 7),7.202334993053228,8.332404016982764,0.21721405209973454,0.1610100152902305,28.44421798363328,28.717335022520274,40.67909950390458,26.81717041317218,42.4414059962146,26.01662192804118,12.03912973869592,5.583736987318844,5.704745010007173,1.5283929533325136,23.000148008577526,11.299857986159623,22.982040012720972,11.459167988505214,26.96227194974199,27.547105972189456,36.239462249795906,0.18612741162845245,0.17730206794415912,22.7154238964431,1643.4907038346864,461.9501246488653,174,30,29088,270,1440,100.0
Fixed_Files_12_Attrs_10,12,10,L1: (0 AND 1 AND 2 AND 3 AND 4 AND 5 AND 6 AND 7 AND 8 AND 9) OR L2: (0 AND 1 AND 2 AND 3 AND 4 AND 5 AND 6 AND 7 AND 8 AND 9) OR L3: (0 AND 1 AND 2 AND 3 AND 4 AND 5 AND 6 AND 7 AND 8 AND 9) OR L4: (0 AND 1 AND 2 AND 3 AND 4 AND 5 AND 6 AND 7 AND 8 AND 9) OR L5: (0 AND 1 AND 2 AND 3 AND 4 AND 5 AND 6 AND 7 AND 8 AND 9) OR L6: (0 AND 1 AND 2 AND 3 AND 4 AND 5 AND 6 AND 7 AND 8 AND 9) OR L7: (0 AND 1 AND 2 AND 3 AND 4 AND 5 AND 6 AND 7 AND 8 AND 9) OR L8: (0 AND 1 AND 2 AND 3 AND 4 AND 5 AND 6 AND 7 AND 8 AND 9) OR L9: (0 AND 1 AND 2 AND 3 AND 4 AND 5 AND 6 AND 7 AND 8 AND 9) OR L10: (0 AND 1 AND 2 AND 3 AND 4 AND 5 AND 6 AND 7 AND 8 AND 9) OR L11: (0 AND 1 AND 2 AND 3 AND 4 AND 5 AND 6 AND 7 AND 8 AND 9) OR L12: (0 AND 1 AND 2 AND 3 AND 4 AND 5 AND 6 AND 7 AND 8 AND 9),7.456733961589634,8.848415978718549,0.62743597663939,0.19221095135435462,28.833380958531052,28.50276097888127,45.750750170554966,29.514495414332487,44.3613606718524,28.836264323520783,11.991998529992998,5.654530017636716,5.614027031697333,1.4591849758289754,31.876158027444035,17.09079701686278,28.782678011339158,14.220429002307355,33.347243967000395,32.59820002131164,39.64246924442705,0.13957475797118,0.14970024737219015,23.03504425799474,1793.5464454931207,502.21597525523975,174,30,35568,270,1800,100.0
Fixed_Files_12_Attrs_12,12,12,L1: (0 AND 1 AND 2 AND 3 AND 4 AND 5 AND 6 AND 7 AND 8 AND 9 AND 10 AND 11) OR L2: (0 AND 1 AND 2 AND 3 AND 4 AND 5 AND 6 AND 7 AND 8 AND 9 AND 10 AND 11) OR L3: (0 AND 1 AND 2 AND 3 AND 4 AND 5 AND 6 AND 7 AND 8 AND 9 AND 10 AND 11) OR L4: (0 AND 1 AND 2 AND 3 AND 4 AND 5 AND 6 AND 7 AND 8 AND 9 AND 10 AND 11) OR L5: (0 AND 1 AND 2 AND 3 AND 4 AND 5 AND 6 AND 7 AND 8 AND 9 AND 10 AND 11) OR L6: (0 AND 1 AND 2 AND 3 AND 4 AND 5 AND 6 AND 7 AND 8 AND 9 AND 10 AND 11) OR L7: (0 AND 1 AND 2 AND 3 AND 4 AND 5 AND 6 AND 7 AND 8 AND 9 AND 10 AND 11) OR L8: (0 AND 1 AND 2 AND 3 AND 4 AND 5 AND 6 AND 7 AND 8 AND 9 AND 10 AND 11) OR L9: (0 AND 1 AND 2 AND 3 AND 4 AND 5 AND 6 AND 7 AND 8 AND 9 AND 10 AND 11) OR L10: (0 AND 1 AND 2 AND 3 AND 4 AND 5 AND 6 AND 7 AND 8 AND 9 AND 10 AND 11) OR L11: (0 AND 1 AND 2 AND 3 AND 4 AND 5 AND 6 AND 7 AND 8 AND 9 AND 10 AND 11) OR L12: (0 AND 1 AND 2 AND 3 AND 4 AND 5 AND 6 AND 7 AND 8 AND 9 AND 10 AND 11),7.314526999834925,8.520597009919584,0.255914987064898,0.16891001723706722,28.85998197598383,29.327009979169816,61.15118950159134,38.15284891364475,60.456257429905236,40.876491077748746,12.12210371159017,5.670131009537727,8.03666899446398,2.5454480201005936,41.72233201097697,19.53283796319738,35.92119395034388,17.3052090103738,38.55514799943194,37.787002976983786,58.20837608674386,0.1869858339584122,0.2575565013103187,26.699354173615575,2419.763546786271,730.5343752377667,174,30,42048,270,2160,100.0
Fixed_Files_12_Attrs_14,12,14,L1: (0 AND 1 AND 2 AND 3 AND 4 AND 5 AND 6 AND 7 AND 8 AND 9 AND 10 AND 11 AND 12 AND 13) OR L2: (0 AND 1 AND 2 AND 3 AND 4 AND 5 AND 6 AND 7 AND 8 AND 9 AND 10 AND 11 AND 12 AND 13) OR L3: (0 AND 1 AND 2 AND 3 AND 4 AND 5 AND 6 AND 7 AND 8 AND 9 AND 10 AND 11 AND 12 AND 13) OR L4: (0 AND 1 AND 2 AND 3 AND 4 AND 5 AND 6 AND 7 AND 8 AND 9 AND 10 AND 11 AND 12 AND 13) OR L5: (0 AND 1 AND 2 AND 3 AND 4 AND 5 AND 6 AND 7 AND 8 AND 9 AND 10 AND 11 AND 12 AND 13) OR L6: (0 AND 1 AND 2 AND 3 AND 4 AND 5 AND 6 AND 7 AND 8 AND 9 AND 10 AND 11 AND 12 AND 13) OR L7: (0 AND 1 AND 2 AND 3 AND 4 AND 5 AND 6 AND 7 AND 8 AND 9 AND 10 AND 11 AND 12 AND 13) OR L8: (0 AND 1 AND 2 AND 3 AND 4 AND 5 AND 6 AND 7 AND 8 AND 9 AND 10 AND 11 AND 12 AND 13) OR L9: (0 AND 1 AND 2 AND 3 AND 4 AND 5 AND 6 AND 7 AND 8 AND 9 AND 10 AND 11 AND 12 AND 13) OR L10: (0 AND 1 AND 2 AND 3 AND 4 AND 5 AND 6 AND 7 AND 8 AND 9 AND 10 AND 11 AND 12 AND 13) OR L11: (0 AND 1 AND 2 AND 3 AND 4 AND 5 AND 6 AND 7 AND 8 AND 9 AND 10 AND 11 AND 12 AND 13) OR L12: (0 AND 1 AND 2 AND 3 AND 4 AND 5 AND 6 AND 7 AND 8 AND 9 AND 10 AND 11 AND 12 AND 13),8.976923010777682,13.084162957966328,0.561332970391959,0.49972900887951255,30.31076700426638,31.058110995218158,74.02882466946419,45.26875392184593,72.6180436759023,48.05953026031299,13.750703015830368,5.697338026948273,5.795041972305626,1.4784620143473148,42.746082006487995,26.340097945649177,42.6173759624362,20.884969970211387,45.176682993769646,45.03747704438865,58.506663912946046,0.16038175575279942,0.16989883442874998,29.514731199014932,2893.452533346135,735.5580652365461,174,30,48528,270,2520,100.0
Fixed_Files_14_Attrs_2,14,2,L1: (0 AND 1) OR L2: (0 AND 1) OR L3: (0 AND 1) OR L4: (0 AND 1) OR L5: (0 AND 1) OR L6: (0 AND 1) OR L7: (0 AND 1) OR L8: (0 AND 1) OR L9: (0 AND 1) OR L10: (0 AND 1) OR L11: (0 AND 1) OR L12: (0 AND 1) OR L13: (0 AND 1) OR L14: (0 AND 1),8.286444994155318,8.800666022580117,0.34081400372087955,0.19390799570828676,28.6996960057877,28.884603991173208,10.948656422052798,6.358565080777875,10.838916146894917,6.014357919671705,19.955432217102498,5.674337036907673,5.60833397321403,1.4426600537262857,5.820142978336662,2.845718991011381,5.763239983934909,2.903621003497392,10.23862703004852,9.975016000680625,8.506533294816368,0.14550608466379344,0.14679185447416135,27.04573021037504,498.20237018866464,150.22936748573557,174,30,11256,270,360,100.0
Fixed_Files_14_Attrs_4,14,4,L1: (0 AND 1 AND 2 AND 3) OR L2: (0 AND 1 AND 2 AND 3) OR L3: (0 AND 1 AND 2 AND 3) OR L4: (0 AND 1 AND 2 AND 3) OR L5: (0 AND 1 AND 2 AND 3) OR L6: (0 AND 1 AND 2 AND 3) OR L7: (0 AND 1 AND 2 AND 3) OR L8: (0 AND 1 AND 2 AND 3) OR L9: (0 AND 1 AND 2 AND 3) OR L10: (0 AND 1 AND 2 AND 3) OR L11: (0 AND 1 AND 2 AND 3) OR L12: (0 AND 1 AND 2 AND 3) OR L13: (0 AND 1 AND 2 AND 3) OR L14: (0 AND 1 AND 2 AND 3),7.411908998619765,8.517855021636933,0.2316099707968533,0.16100704669952393,28.5709910094738,28.473787009716034,19.246380934159138,11.46076328171018,19.261545717849263,12.278683425392956,14.100787870120257,5.80184196587652,5.714937986340374,1.5319639933295548,11.590283014811575,5.779541039373726,11.78309100214392,6.256261025555432,15.907662978861481,15.525146969594061,15.553698213937293,0.1330768656251686,0.14699185599706002,26.323602709453553,885.5640148976818,247.99633980728686,174,30,18816,270,720,100.0
Fixed_Files_14_Attrs_6,14,6,L1: (0 AND 1 AND 2 AND 3 AND 4 AND 5) OR L2: (0 AND 1 AND 2 AND 3 AND 4 AND 5) OR L3: (0 AND 1 AND 2 AND 3 AND 4 AND 5) OR L4: (0 AND 1 AND 2 AND 3 AND 4 AND 5) OR L5: (0 AND 1 AND 2 AND 3 AND 4 AND 5) OR L6: (0 AND 1 AND 2 AND 3 AND 4 AND 5) OR L7: (0 AND 1 AND 2 AND 3 AND 4 AND 5) OR L8: (0 AND 1 AND 2 AND 3 AND 4 AND 5) OR L9: (0 AND 1 AND 2 AND 3 AND 4 AND 5) OR L10: (0 AND 1 AND 2 AND 3 AND 4 AND 5) OR L11: (0 AND 1 AND 2 AND 3 AND 4 AND 5) OR L12: (0 AND 1 AND 2 AND 3 AND 4 AND 5) OR L13: (0 AND 1 AND 2 AND 3 AND 4 AND 5) OR L14: (0 AND 1 AND 2 AND 3 AND 4 AND 5),7.33510497957468,8.283544972073287,0.25070999981835485,0.16600702656432986,28.77730003092438,28.4615860437043,32.38917865590857,19.86835678274344,30.610390352584155,20.28284564065481,15.047328546643257,5.626934987958521,5.7639399892650545,1.5524650225415826,17.466027988120914,8.393650001380593,20.773366035427898,14.477402961347252,26.399000023957342,24.012301000766456,23.348794713716156,0.14490600525667624,0.14818478458827095,30.418965790886432,1459.158128593117,361.4053628407419,174,30,26376,270,1080,100.0
Fixed_Files_14_Attrs_8,14,8,L1: (0 AND 1 AND 2 AND 3 AND 4 AND 5 AND 6 AND 7) OR L2: (0 AND 1 AND 2 AND 3 AND 4 AND 5 AND 6 AND 7) OR L3: (0 AND 1 AND 2 AND 3 AND 4 AND 5 AND 6 AND 7) OR L4: (0 AND 1 AND 2 AND 3 AND 4 AND 5 AND 6 AND 7) OR L5: (0 AND 1 AND 2 AND 3 AND 4 AND 5 AND 6 AND 7) OR L6: (0 AND 1 AND 2 AND 3 AND 4 AND 5 AND 6 AND 7) OR L7: (0 AND 1 AND 2 AND 3 AND 4 AND 5 AND 6 AND 7) OR L8: (0 AND 1 AND 2 AND 3 AND 4 AND 5 AND 6 AND 7) OR L9: (0 AND 1 AND 2 AND 3 AND 4 AND 5 AND 6 AND 7) OR L10: (0 AND 1 AND 2 AND 3 AND 4 AND 5 AND 6 AND 7) OR L11: (0 AND 1 AND 2 AND 3 AND 4 AND 5 AND 6 AND 7) OR L12: (0 AND 1 AND 2 AND 3 AND 4 AND 5 AND 6 AND 7) OR L13: (0 AND 1 AND 2 AND 3 AND 4 AND 5 AND 6 AND 7) OR L14: (0 AND 1 AND 2 AND 3 AND 4 AND 5 AND 6 AND 7),7.435509993229061,8.6015589768067,0.31561299692839384,0.2295089652761817,28.71139597846195,28.31737999804318,37.8681836508414,24.388182638046732,36.91534335874686,24.79445136019162,14.056785148568451,7.76657200185582,5.563237995374948,1.4389879652298987,23.169608030002564,11.373490968253464,23.31821696134284,14.979809988290071,28.25641696108505,26.61351696588099,32.539634495541186,0.15585936073746,0.1717316419152277,27.001743612345308,1749.583039258141,487.14290058705956,174,30,33936,270,1440,100.0
Fixed_Files_14_Attrs_10,14,10,L1: (0 AND 1 AND 2 AND 3 AND 4 AND 5 AND 6 AND 7 AND 8 AND 9) OR L2: (0 AND 1 AND 2 AND 3 AND 4 AND 5 AND 6 AND 7 AND 8 AND 9) OR L3: (0 AND 1 AND 2 AND 3 AND 4 AND 5 AND 6 AND 7 AND 8 AND 9) OR L4: (0 AND 1 AND 2 AND 3 AND 4 AND 5 AND 6 AND 7 AND 8 AND 9) OR L5: (0 AND 1 AND 2 AND 3 AND 4 AND 5 AND 6 AND 7 AND 8 AND 9) OR L6: (0 AND 1 AND 2 AND 3 AND 4 AND 5 AND 6 AND 7 AND 8 AND 9) OR L7: (0 AND 1 AND 2 AND 3 AND 4 AND 5 AND 6 AND 7 AND 8 AND 9) OR L8: (0 AND 1 AND 2 AND 3 AND 4 AND 5 AND 6 AND 7 AND 8 AND 9) OR L9: (0 AND 1 AND 2 AND 3 AND 4 AND 5 AND 6 AND 7 AND 8 AND 9) OR L10: (0 AND 1 AND 2 AND 3 AND 4 AND 5 AND 6 AND 7 AND 8 AND 9) OR L11: (0 AND 1 AND 2 AND 3 AND 4 AND 5 AND 6 AND 7 AND 8 AND 9) OR L12: (0 AND 1 AND 2 AND 3 AND 4 AND 5 AND 6 AND 7 AND 8 AND 9) OR L13: (0 AND 1 AND 2 AND 3 AND 4 AND 5 AND 6 AND 7 AND 8 AND 9) OR L14: (0 AND 1 AND 2 AND 3 AND 4 AND 5 AND 6 AND 7 AND 8 AND 9),8.83483700454235,9.484876005444676,0.23731397232040763,0.1708099734969437,29.30178097449243,28.836951998528093,48.97408299231237,31.059187142610817,47.03705107177874,31.722870364319533,14.143261301796883,5.705946998205036,5.650543957017362,1.5462939627468586,28.622339013963938,14.30476998211816,28.88285496737808,14.252565975766629,38.66625000955537,51.249314041342586,35.263185505755246,0.13594385901732103,0.13965135855999375,35.882280266378075,2237.247943296097,533.4252103930339,174,30,41496,270,1800,100.0
Fixed_Files_14_Attrs_12,14,12,L1: (0 AND 1 AND 2 AND 3 AND 4 AND 5 AND 6 AND 7 AND 8 AND 9 AND 10 AND 11) OR L2: (0 AND 1 AND 2 AND 3 AND 4 AND 5 AND 6 AND 7 AND 8 AND 9 AND 10 AND 11) OR L3: (0 AND 1 AND 2 AND 3 AND 4 AND 5 AND 6 AND 7 AND 8 AND 9 AND 10 AND 11) OR L4: (0 AND 1 AND 2 AND 3 AND 4 AND 5 AND 6 AND 7 AND 8 AND 9 AND 10 AND 11) OR L5: (0 AND 1 AND 2 AND 3 AND 4 AND 5 AND 6 AND 7 AND 8 AND 9 AND 10 AND 11) OR L6: (0 AND 1 AND 2 AND 3 AND 4 AND 5 AND 6 AND 7 AND 8 AND 9 AND 10 AND 11) OR L7: (0 AND 1 AND 2 AND 3 AND 4 AND 5 AND 6 AND 7 AND 8 AND 9 AND 10 AND 11) OR L8: (0 AND 1 AND 2 AND 3 AND 4 AND 5 AND 6 AND 7 AND 8 AND 9 AND 10 AND 11) OR L9: (0 AND 1 AND 2 AND 3 AND 4 AND 5 AND 6 AND 7 AND 8 AND 9 AND 10 AND 11) OR L10: (0 AND 1 AND 2 AND 3 AND 4 AND 5 AND 6 AND 7 AND 8 AND 9 AND 10 AND 11) OR L11: (0 AND 1 AND 2 AND 3 AND 4 AND 5 AND 6 AND 7 AND 8 AND 9 AND 10 AND 11) OR L12: (0 AND 1 AND 2 AND 3 AND 4 AND 5 AND 6 AND 7 AND 8 AND 9 AND 10 AND 11) OR L13: (0 AND 1 AND 2 AND 3 AND 4 AND 5 AND 6 AND 7 AND 8 AND 9 AND 10 AND 11) OR L14: (0 AND 1 AND 2 AND 3 AND 4 AND 5 AND 6 AND 7 AND 8 AND 9 AND 10 AND 11),7.254839991219342,8.37420899188146,0.26081595569849014,0.16630999743938446,28.782348963432014,28.84415298467502,57.770138930728926,36.29269794328138,55.51126572286843,36.51359021647035,14.718094083946198,5.723248003050685,5.625741963740438,1.4475880307145417,34.64520501438528,17.173042986541986,34.24758103210479,17.05673598917201,37.85410098498687,38.09121501399204,47.67198478969346,0.16077385849452444,0.17111042896950884,26.884934748522937,2619.9457934708335,698.9391018287279,174,30,49056,270,2160,100.0
Fixed_Files_14_Attrs_14,14,14,L1: (0 AND 1 AND 2 AND 3 AND 4 AND 5 AND 6 AND 7 AND 8 AND 9 AND 10 AND 11 AND 12 AND 13) OR L2: (0 AND 1 AND 2 AND 3 AND 4 AND 5 AND 6 AND 7 AND 8 AND 9 AND 10 AND 11 AND 12 AND 13) OR L3: (0 AND 1 AND 2 AND 3 AND 4 AND 5 AND 6 AND 7 AND 8 AND 9 AND 10 AND 11 AND 12 AND 13) OR L4: (0 AND 1 AND 2 AND 3 AND 4 AND 5 AND 6 AND 7 AND 8 AND 9 AND 10 AND 11 AND 12 AND 13) OR L5: (0 AND 1 AND 2 AND 3 AND 4 AND 5 AND 6 AND 7 AND 8 AND 9 AND 10 AND 11 AND 12 AND 13) OR L6: (0 AND 1 AND 2 AND 3 AND 4 AND 5 AND 6 AND 7 AND 8 AND 9 AND 10 AND 11 AND 12 AND 13) OR L7: (0 AND 1 AND 2 AND 3 AND 4 AND 5 AND 6 AND 7 AND 8 AND 9 AND 10 AND 11 AND 12 AND 13) OR L8: (0 AND 1 AND 2 AND 3 AND 4 AND 5 AND 6 AND 7 AND 8 AND 9 AND 10 AND 11 AND 12 AND 13) OR L9: (0 AND 1 AND 2 AND 3 AND 4 AND 5 AND 6 AND 7 AND 8 AND 9 AND 10 AND 11 AND 12 AND 13) OR L10: (0 AND 1 AND 2 AND 3 AND 4 AND 5 AND 6 AND 7 AND 8 AND 9 AND 10 AND 11 AND 12 AND 13) OR L11: (0 AND 1 AND 2 AND 3 AND 4 AND 5 AND 6 AND 7 AND 8 AND 9 AND 10 AND 11 AND 12 AND 13) OR L12: (0 AND 1 AND 2 AND 3 AND 4 AND 5 AND 6 AND 7 AND 8 AND 9 AND 10 AND 11 AND 12 AND 13) OR L13: (0 AND 1 AND 2 AND 3 AND 4 AND 5 AND 6 AND 7 AND 8 AND 9 AND 10 AND 11 AND 12 AND 13) OR L14: (0 AND 1 AND 2 AND 3 AND 4 AND 5 AND 6 AND 7 AND 8 AND 9 AND 10 AND 11 AND 12 AND 13),7.342339027673006,8.310896984767169,0.2871170290745795,0.17300999024882913,28.85082602733746,28.676114976406097,67.1438862128915,43.81978457344563,69.6239278477151,47.089351632166654,14.037741348147392,5.604634992778301,5.769744981080294,1.3541809748858213,41.78959899581969,20.56923002237454,40.19130300730467,20.1541050337255,46.070154989138246,42.49664198141545,52.53408435133419,0.14527299208566546,0.16683863941580057,26.93830506177619,3201.5150450752117,766.7850488214754,174,30,56616,270,2520,100.0
Fixed_Attrs_2_Files_2,2,2,L1: (0 AND 1) OR L2: (0 AND 1),7.363140000961721,8.236892987042665,0.224713992793113,0.16851001419126987,29.084040026646107,28.90382899204269,10.252962994854897,5.73349351179786,10.251713014440611,5.842449463671073,2.2317339316941798,5.555632000323385,5.762845044955611,2.2894369903951883,8.911332988645881,4.293156962376088,9.29095601895824,4.485768033191562,15.738840971607715,16.232770984061062,15.78599400818348,0.28346703038550913,0.26426598196849227,5.315017944667488,66.39297190122306,37.98247198574245,174,30,1608,270,360,100.0
Fixed_Attrs_2_Files_4,4,2,L1: (0 AND 1) OR L2: (0 AND 1) OR L3: (0 AND 1) OR L4: (0 AND 1),11.209670978132635,13.18158901995048,0.3698220243677497,0.3047179779969156,44.74987601861358,45.17090099398047,13.287619993207045,6.428109249100089,13.288569505675696,7.800441249855794,6.499189941678196,7.8492690226994455,5.829747999086976,1.4258849550969899,8.16608895547688,3.9598370203748345,8.150788024067879,5.480727995745838,10.613335005473346,10.407122026663274,8.983462495962158,0.15293424075935036,0.13363298785407096,7.367441023234278,169.7181499330327,44.447559921536595,174,30,3216,270,360,100.0
Fixed_Attrs_2_Files_6,6,2,L1: (0 AND 1) OR L2: (0 AND 1) OR L3: (0 AND 1) OR L4: (0 AND 1) OR L5: (0 AND 1) OR L6: (0 AND 1),7.413543004076928,8.483507030177861,0.20551204215735197,0.15550898388028145,28.63841300131753,29.992594034411013,10.11973867813746,5.8991693367715925,10.675921832444146,6.374047661665827,6.061063031665981,9.054441004991531,9.349258965812624,2.283336012624204,9.20574995689094,3.3302990486845374,5.7546450407244265,2.8812719974666834,9.751384030096233,9.90599300712347,8.519342663930729,0.13505801325663924,0.14944217400625348,11.788609437644482,204.47432808578014,64.61166654480621,174,30,4824,270,360,100.0
Fixed_Attrs_2_Files_8,8,2,L1: (0 AND 1) OR L2: (0 AND 1) OR L3: (0 AND 1) OR L4: (0 AND 1) OR L5: (0 AND 1) OR L6: (0 AND 1) OR L7: (0 AND 1) OR L8: (0 AND 1),7.298636017367244,8.205090998671949,0.1923119998537004,0.17791101709008217,28.732418024446815,31.4188789925538,10.117929865373299,5.9049157571280375,10.082190136017743,5.899052863242105,7.959876151289791,5.730242992285639,5.667739023920149,1.474288001190871,5.7766459649428725,2.871570992283523,5.610836029518396,2.789666992612183,10.48062602058053,9.952895052265376,8.460218385152984,0.15257175255101174,0.14647124044131488,18.03397585172206,263.99258512537926,88.10806687688455,174,30,6432,270,360,100.0
Fixed_Attrs_2_Files_10,10,2,L1: (0 AND 1) OR L2: (0 AND 1) OR L3: (0 AND 1) OR L4: (0 AND 1) OR L5: (0 AND 1) OR L6: (0 AND 1) OR L7: (0 AND 1) OR L8: (0 AND 1) OR L9: (0 AND 1) OR L10: (0 AND 1),7.465845963452011,8.322598005179316,0.2164129982702434,0.16260897973552346,28.695615998003632,28.427799989003688,10.127975506475195,5.8093676110729575,10.16205779160373,5.80909718410112,9.963893855456263,6.243872980121523,5.910853040404618,1.4061839901842177,5.864651000592858,2.9426750261336565,5.749843956436962,2.911974035669118,10.124906024429947,9.859388985205442,11.702779901679605,0.13087771367281675,0.14240860473364592,19.41966195590794,329.0488747879863,139.18032415676862,174,30,8040,270,360,100.0
Fixed_Attrs_2_Files_12,12,2,L1: (0 AND 1) OR L2: (0 AND 1) OR L3: (0 AND 1) OR L4: (0 AND 1) OR L5: (0 AND 1) OR L6: (0 AND 1) OR L7: (0 AND 1) OR L8: (0 AND 1) OR L9: (0 AND 1) OR L10: (0 AND 1) OR L11: (0 AND 1) OR L12: (0 AND 1),7.216831028927118,11.513589008245617,0.3563209902495146,0.34612102899700403,45.36291299154982,44.87658297875896,13.452912666252814,7.682767585113955,13.530517244362272,7.677701005983788,18.318994087167084,8.82722798269242,8.945634996052831,1.7999070114456117,5.805346998386085,2.8631710447371006,5.714841012377292,2.8416700079105794,10.206809965893626,9.897991956677288,11.614069667605994,0.19152817064120123,0.19258641987107694,21.97380951838568,526.445776107721,165.95202061580494,174,30,9648,270,360,100.0
Fixed_Attrs_2_Files_14,14,2,L1: (0 AND 1) OR L2: (0 AND 1) OR L3: (0 AND 1) OR L4: (0 AND 1) OR L5: (0 AND 1) OR L6: (0 AND 1) OR L7: (0 AND 1) OR L8: (0 AND 1) OR L9: (0 AND 1) OR L10: (0 AND 1) OR L11: (0 AND 1) OR L12: (0 AND 1) OR L13: (0 AND 1) OR L14: (0 AND 1),10.525828984100372,10.678638995159417,0.24471397045999765,0.1667100004851818,30.36291600437835,28.393698041327298,10.406956509021777,6.147076005748074,10.34710685572853,5.814198649854267,13.895533222239465,5.630050029139966,5.814258009195328,1.4308630488812923,5.87566097965464,2.7977239806205034,5.797757999971509,2.92772997636348,9.816334990318865,9.881037985906005,11.878855651177998,0.17405764083378017,0.21374536195902952,31.348991265986115,471.9102655071765,203.08221242157742,174,30,11256,270,360,100.0
Fixed_Attrs_4_Files_2,2,4,L1: (0 AND 1 AND 2 AND 3) OR L2: (0 AND 1 AND 2 AND 3),7.311224995646626,8.37037101155147,0.21740898955613375,0.15820696717128158,28.65327097242698,28.82237802259624,18.66717849043198,11.47575950017199,18.68907900643535,11.493110505398363,2.119094948284328,5.684353003744036,5.591547989752144,1.4257630100473762,11.513509962242097,5.665951000992209,11.493110039737076,5.6385500356554985,15.893206000328064,15.658994961995631,28.23770302347839,0.26486197020858526,0.28066252707503736,4.554803075734526,122.76934995315969,62.12125811725855,174,30,2688,270,720,100.0
Fixed_Attrs_4_Files_4,4,4,L1: (0 AND 1 AND 2 AND 3) OR L2: (0 AND 1 AND 2 AND 3) OR L3: (0 AND 1 AND 2 AND 3) OR L4: (0 AND 1 AND 2 AND 3),11.602314945776016,11.836126039270312,0.34831598168239,0.28011295944452286,36.24540800228715,38.83402299834415,20.93007875373587,12.9950515110977,20.836024501477368,12.2815699869534,6.221777002792805,5.882960977032781,7.281923026312143,2.1807969897054136,12.79256702400744,5.714953993447125,11.85272604925558,5.8335590292699635,16.02711097802967,15.456185967195779,15.29040324385278,0.13125600526109338,0.13108075654599816,7.111115904990584,274.39267601585016,69.32207592763007,174,30,5376,270,720,100.0
Fixed_Attrs_4_Files_6,6,4,L1: (0 AND 1 AND 2 AND 3) OR L2: (0 AND 1 AND 2 AND 3) OR L3: (0 AND 1 AND 2 AND 3) OR L4: (0 AND 1 AND 2 AND 3) OR L5: (0 AND 1 AND 2 AND 3) OR L6: (0 AND 1 AND 2 AND 3),7.459131011273712,8.20576399564743,0.20580895943567157,0.15130697283893824,28.594569012057036,28.882281039841473,19.80327865264068,11.44654099092198,18.64077717376252,11.530027996438244,6.848605058621615,5.596847971901298,5.766255024354905,1.440663996618241,11.545612011104822,5.811257986351848,11.780521948821843,7.816347002517432,15.930906985886395,15.516187995672226,15.125020833996436,0.13813933279986182,0.15088983733827868,10.966687928885221,375.37235394120216,103.45098795369267,174,30,8064,270,720,100.0
Fixed_Attrs_4_Files_8,8,4,L1: (0 AND 1 AND 2 AND 3) OR L2: (0 AND 1 AND 2 AND 3) OR L3: (0 AND 1 AND 2 AND 3) OR L4: (0 AND 1 AND 2 AND 3) OR L5: (0 AND 1 AND 2 AND 3) OR L6: (0 AND 1 AND 2 AND 3) OR L7: (0 AND 1 AND 2 AND 3) OR L8: (0 AND 1 AND 2 AND 3),7.509833027143031,8.417372999247164,0.23071002215147018,0.16270700143650174,29.732520051766187,29.409204958938062,20.37529123481363,12.445464511984028,20.41074312001001,12.436639510269742,8.110860013402998,5.8048570062965155,9.001798985991627,2.2602000390179455,13.3543920237571,5.644051008857787,11.587113956920803,5.855360010173172,15.501187008339912,15.419984003528953,16.797757998574525,0.24094811669783667,0.156844369485043,15.034566924441606,533.4559670300223,152.59897080250084,174,30,10752,270,720,100.0
Fixed_Attrs_4_Files_10,10,4,L1: (0 AND 1 AND 2 AND 3) OR L2: (0 AND 1 AND 2 AND 3) OR L3: (0 AND 1 AND 2 AND 3) OR L4: (0 AND 1 AND 2 AND 3) OR L5: (0 AND 1 AND 2 AND 3) OR L6: (0 AND 1 AND 2 AND 3) OR L7: (0 AND 1 AND 2 AND 3) OR L8: (0 AND 1 AND 2 AND 3) OR L9: (0 AND 1 AND 2 AND 3) OR L10: (0 AND 1 AND 2 AND 3),11.43580803181976,13.259288971312344,0.3655159962363541,0.3027130151167512,44.84459001105279,45.42221501469612,20.019648189190775,11.69977899407968,18.633046810282394,11.546092305798084,15.703497221693397,5.722153990063816,5.721853987779468,1.5576700097881258,12.235542992129922,5.711054021958262,11.474408966023475,5.821757949888706,15.880004037171602,15.651593974325806,26.529217197094113,0.2594913064967841,0.25348118506371975,20.806023152545094,634.6891602152027,291.22792003909126,174,30,13440,270,720,100.0
Fixed_Attrs_4_Files_12,12,4,L1: (0 AND 1 AND 2 AND 3) OR L2: (0 AND 1 AND 2 AND 3) OR L3: (0 AND 1 AND 2 AND 3) OR L4: (0 AND 1 AND 2 AND 3) OR L5: (0 AND 1 AND 2 AND 3) OR L6: (0 AND 1 AND 2 AND 3) OR L7: (0 AND 1 AND 2 AND 3) OR L8: (0 AND 1 AND 2 AND 3) OR L9: (0 AND 1 AND 2 AND 3) OR L10: (0 AND 1 AND 2 AND 3) OR L11: (0 AND 1 AND 2 AND 3) OR L12: (0 AND 1 AND 2 AND 3),7.3385260184295475,8.354769961442798,0.20840903744101524,0.16030698316171765,28.525365982204676,28.63186999456957,20.665408587471273,12.339064249924073,19.98126991384197,12.401000494719483,12.350449047517031,5.818558041937649,5.624749988783151,1.4119629631750286,11.502209992613643,5.708653945475817,11.571714014280587,5.906961974687874,15.474985993932933,15.856502985116094,15.288803333532996,0.1377478523257499,0.14390650418742248,22.59470074204728,796.9913679989986,209.4401930226013,174,30,16128,270,720,100.0
Fixed_Attrs_4_Files_14,14,4,L1: (0 AND 1 AND 2 AND 3) OR L2: (0 AND 1 AND 2 AND 3) OR L3: (0 AND 1 AND 2 AND 3) OR L4: (0 AND 1 AND 2 AND 3) OR L5: (0 AND 1 AND 2 AND 3) OR L6: (0 AND 1 AND 2 AND 3) OR L7: (0 AND 1 AND 2 AND 3) OR L8: (0 AND 1 AND 2 AND 3) OR L9: (0 AND 1 AND 2 AND 3) OR L10: (0 AND 1 AND 2 AND 3) OR L11: (0 AND 1 AND 2 AND 3) OR L12: (0 AND 1 AND 2 AND 3) OR L13: (0 AND 1 AND 2 AND 3) OR L14: (0 AND 1 AND 2 AND 3),7.186118979007006,9.044701990205795,0.21621002815663815,0.15790702309459448,28.26145401922986,30.297645018436015,18.787583577380115,11.619058504168477,18.50742843401219,11.452929578289124,14.483738807030022,5.605448968708515,5.628548969980329,1.4323630020953715,11.489309021271765,5.681652051862329,11.43800700083375,5.8286580024287105,15.583091008011252,15.567991009447724,16.281608076366997,0.15180670639633068,0.1531783616103764,27.13260689051822,859.6217401209287,259.34491091175005,174,30,18816,270,720,100.0
Fixed_Attrs_6_Files_2,2,6,L1: (0 AND 1 AND 2 AND 3 AND 4 AND 5) OR L2: (0 AND 1 AND 2 AND 3 AND 4 AND 5),7.4625309789553285,8.329870004672557,0.22230902686715126,0.20220904843881726,28.523264976684004,29.414605000056326,27.22175751114264,17.276566504733637,27.084852539701387,17.475125525379553,2.4847100721672177,5.8079579612240195,5.906962032895535,1.6910749836824834,17.693685018457472,10.998487996403128,24.355180968996137,11.85242598876357,29.56071199150756,23.069823975674808,36.05124950991012,0.19660848192870617,0.20960901747457683,3.713164071086794,180.60131423408166,76.6280980897136,174,30,3768,270,1080,100.0
Fixed_Attrs_6_Files_4,4,6,L1: (0 AND 1 AND 2 AND 3 AND 4 AND 5) OR L2: (0 AND 1 AND 2 AND 3 AND 4 AND 5) OR L3: (0 AND 1 AND 2 AND 3 AND 4 AND 5) OR L4: (0 AND 1 AND 2 AND 3 AND 4 AND 5),11.408006015699357,14.158828009385616,0.4147180006839335,0.314913981128484,46.19054903741926,40.00457498477772,28.809553245082498,17.2255142533686,27.27296025841497,17.507426731754094,4.2294879094697535,5.604847974609584,5.703953036572784,1.4566649915650487,17.87089300341904,8.476376009639353,17.775289015844464,8.687285997439176,24.355781031772494,27.50382001977414,22.227435983950272,0.14090650074649602,0.1617070083739236,7.608137791976333,367.4913058639504,97.7283357642591,174,30,7536,270,1080,100.0
Fixed_Attrs_6_Files_6,6,6,L1: (0 AND 1 AND 2 AND 3 AND 4 AND 5) OR L2: (0 AND 1 AND 2 AND 3 AND 4 AND 5) OR L3: (0 AND 1 AND 2 AND 3 AND 4 AND 5) OR L4: (0 AND 1 AND 2 AND 3 AND 4 AND 5) OR L5: (0 AND 1 AND 2 AND 3 AND 4 AND 5) OR L6: (0 AND 1 AND 2 AND 3 AND 4 AND 5),7.182818022556603,8.316069026477635,0.24191098054870963,0.16940705245360732,28.65187101997435,28.41357298893854,27.353599017563585,17.28443766478449,27.007411505716544,17.333056991143774,6.378979014698416,5.602231016382575,5.674635001923889,1.5499910223297775,17.666442960035056,8.62010900164023,17.64554198598489,8.580807014368474,21.230654034297913,29.05211498728022,28.993428830290213,0.1776773230327914,0.1925778245398154,17.316820740234107,540.2500100899488,193.49892460741103,174,30,11304,270,1080,100.0
Fixed_Attrs_6_Files_8,8,6,L1: (0 AND 1 AND 2 AND 3 AND 4 AND 5) OR L2: (0 AND 1 AND 2 AND 3 AND 4 AND 5) OR L3: (0 AND 1 AND 2 AND 3 AND 4 AND 5) OR L4: (0 AND 1 AND 2 AND 3 AND 4 AND 5) OR L5: (0 AND 1 AND 2 AND 3 AND 4 AND 5) OR L6: (0 AND 1 AND 2 AND 3 AND 4 AND 5) OR L7: (0 AND 1 AND 2 AND 3 AND 4 AND 5) OR L8: (0 AND 1 AND 2 AND 3 AND 4 AND 5),7.511144038289785,8.549304970074445,0.2402139944024384,0.17011002637445927,29.012712999247015,28.82360201328993,32.43542824930046,21.158074363484047,32.812925113830715,19.906063003872987,8.206486352719367,8.893724996596575,8.976529992651194,2.3226370103657246,26.826885004993528,8.645710011478513,17.791550024412572,8.7430159910582,22.166209004353732,21.484968019649386,22.18292249744991,0.14404599642148241,0.144371013448108,16.765589942224324,858.706412196625,196.5363060007803,174,30,15072,270,1080,100.0
Fixed_Attrs_6_Files_10,10,6,L1: (0 AND 1 AND 2 AND 3 AND 4 AND 5) OR L2: (0 AND 1 AND 2 AND 3 AND 4 AND 5) OR L3: (0 AND 1 AND 2 AND 3 AND 4 AND 5) OR L4: (0 AND 1 AND 2 AND 3 AND 4 AND 5) OR L5: (0 AND 1 AND 2 AND 3 AND 4 AND 5) OR L6: (0 AND 1 AND 2 AND 3 AND 4 AND 5) OR L7: (0 AND 1 AND 2 AND 3 AND 4 AND 5) OR L8: (0 AND 1 AND 2 AND 3 AND 4 AND 5) OR L9: (0 AND 1 AND 2 AND 3 AND 4 AND 5) OR L10: (0 AND 1 AND 2 AND 3 AND 4 AND 5),7.280129997525364,8.59710795339197,0.24081399897113442,0.22811401868239045,29.00031302124262,28.440880007110536,27.55646749283187,17.272750101983547,27.625511400401592,17.502873699413612,9.957690548617393,5.65143401036039,5.708837998099625,1.5664930106140673,17.612639989238232,8.42709798598662,17.810551973525435,8.560804999433458,21.92659501451999,21.18565101409331,23.075252602575347,0.1476186967920512,0.15267900307662785,19.686261715833098,909.5337174949236,253.44176474027336,174,30,18840,270,1080,100.0
Fixed_Attrs_6_Files_12,12,6,L1: (0 AND 1 AND 2 AND 3 AND 4 AND 5) OR L2: (0 AND 1 AND 2 AND 3 AND 4 AND 5) OR L3: (0 AND 1 AND 2 AND 3 AND 4 AND 5) OR L4: (0 AND 1 AND 2 AND 3 AND 4 AND 5) OR L5: (0 AND 1 AND 2 AND 3 AND 4 AND 5) OR L6: (0 AND 1 AND 2 AND 3 AND 4 AND 5) OR L7: (0 AND 1 AND 2 AND 3 AND 4 AND 5) OR L8: (0 AND 1 AND 2 AND 3 AND 4 AND 5) OR L9: (0 AND 1 AND 2 AND 3 AND 4 AND 5) OR L10: (0 AND 1 AND 2 AND 3 AND 4 AND 5) OR L11: (0 AND 1 AND 2 AND 3 AND 4 AND 5) OR L12: (0 AND 1 AND 2 AND 3 AND 4 AND 5),7.498742954339832,8.968228998128325,0.20361202768981457,0.1772110117599368,29.277929046656936,28.80160097265616,28.71600409465221,17.731022327401053,27.428344668199617,18.592248001368716,12.326128722634166,5.567929008975625,7.608550018630922,2.247033000458032,26.686576020438224,13.226981041952968,26.630472973920405,13.261582993436605,29.36443401267752,21.409564011264592,27.021612258977257,0.17725200450513512,0.18141084001399577,22.90355775039643,1121.9375578220934,351.4668589923531,174,30,22608,270,1080,100.0
Fixed_Attrs_6_Files_14,14,6,L1: (0 AND 1 AND 2 AND 3 AND 4 AND 5) OR L2: (0 AND 1 AND 2 AND 3 AND 4 AND 5) OR L3: (0 AND 1 AND 2 AND 3 AND 4 AND 5) OR L4: (0 AND 1 AND 2 AND 3 AND 4 AND 5) OR L5: (0 AND 1 AND 2 AND 3 AND 4 AND 5) OR L6: (0 AND 1 AND 2 AND 3 AND 4 AND 5) OR L7: (0 AND 1 AND 2 AND 3 AND 4 AND 5) OR L8: (0 AND 1 AND 2 AND 3 AND 4 AND 5) OR L9: (0 AND 1 AND 2 AND 3 AND 4 AND 5) OR L10: (0 AND 1 AND 2 AND 3 AND 4 AND 5) OR L11: (0 AND 1 AND 2 AND 3 AND 4 AND 5) OR L12: (0 AND 1 AND 2 AND 3 AND 4 AND 5) OR L13: (0 AND 1 AND 2 AND 3 AND 4 AND 5) OR L14: (0 AND 1 AND 2 AND 3 AND 4 AND 5),7.350935018621385,8.30579100875184,0.21951302187517285,0.16120896907523274,28.928008978255093,28.49328302545473,29.297530293531185,17.551657918374985,29.03347892736617,18.51785065706021,13.985922560095787,5.584930011536926,5.56572899222374,1.451685035135597,17.508234013803303,8.464900020044297,17.226718016900122,8.471501001622528,21.66527899680659,21.251755009870976,22.340504922405152,0.14350842268738365,0.14500143255905382,26.378759706858546,1335.5931717087515,343.1849665939808,174,30,26376,270,1080,100.0
Fixed_Attrs_8_Files_2,2,8,L1: (0 AND 1 AND 2 AND 3 AND 4 AND 5 AND 6 AND 7) OR L2: (0 AND 1 AND 2 AND 3 AND 4 AND 5 AND 6 AND 7),7.519343984313309,8.60160798765719,0.21181197371333838,0.1851109554991126,28.978710994124413,28.53168494766578,35.92907197889872,22.893901506904513,38.00629451870918,24.165677023120224,2.1516269771382213,5.725338007323444,5.740238993894309,1.5186899690888822,32.515319995582104,18.631600018125027,36.9780840119347,15.91513998573646,27.149703993927687,26.927291008178145,28.464531002100557,0.1321574964094907,0.13555798796005547,3.645314078312367,244.1415170324035,61.109807051252574,174,30,4848,270,1440,100.0
Fixed_Attrs_8_Files_4,4,8,L1: (0 AND 1 AND 2 AND 3 AND 4 AND 5 AND 6 AND 7) OR L2: (0 AND 1 AND 2 AND 3 AND 4 AND 5 AND 6 AND 7) OR L3: (0 AND 1 AND 2 AND 3 AND 4 AND 5 AND 6 AND 7) OR L4: (0 AND 1 AND 2 AND 3 AND 4 AND 5 AND 6 AND 7),7.22932699136436,8.308990974910557,0.19511202117428184,0.15500903828069568,28.314171999227256,28.70209503453225,40.47442277078517,26.115447020856664,40.70466150005814,27.76992050348781,4.486363031901419,5.756541038863361,5.841146979946643,1.478987978771329,23.48029299173504,11.533683980815113,33.170365961268544,12.451538001187146,32.478526001796126,27.16561098350212,28.70970249932725,0.13228274474386126,0.17441026284359396,7.212128140963614,544.7441702126525,123.27771016862243,174,30,9696,270,1440,100.0
Fixed_Attrs_8_Files_6,6,8,L1: (0 AND 1 AND 2 AND 3 AND 4 AND 5 AND 6 AND 7) OR L2: (0 AND 1 AND 2 AND 3 AND 4 AND 5 AND 6 AND 7) OR L3: (0 AND 1 AND 2 AND 3 AND 4 AND 5 AND 6 AND 7) OR L4: (0 AND 1 AND 2 AND 3 AND 4 AND 5 AND 6 AND 7) OR L5: (0 AND 1 AND 2 AND 3 AND 4 AND 5 AND 6 AND 7) OR L6: (0 AND 1 AND 2 AND 3 AND 4 AND 5 AND 6 AND 7),7.2521299589425325,8.411198039539158,0.2699160249903798,0.16330898506566882,28.47328898496926,28.936415968928486,39.638283827419706,23.108937030580517,36.425376504970096,23.993622657144442,6.052158772945404,5.798744037747383,7.599650998599827,2.3032360477373004,36.44166101003066,11.69709296664223,25.812330015469342,17.990267020650208,30.636216048151255,27.182212041225284,29.80558401516949,0.14552516707529625,0.15960916061885655,11.049255961552262,745.0494788936339,191.71356601873413,174,30,14544,270,1440,100.0
Fixed_Attrs_8_Files_8,8,8,L1: (0 AND 1 AND 2 AND 3 AND 4 AND 5 AND 6 AND 7) OR L2: (0 AND 1 AND 2 AND 3 AND 4 AND 5 AND 6 AND 7) OR L3: (0 AND 1 AND 2 AND 3 AND 4 AND 5 AND 6 AND 7) OR L4: (0 AND 1 AND 2 AND 3 AND 4 AND 5 AND 6 AND 7) OR L5: (0 AND 1 AND 2 AND 3 AND 4 AND 5 AND 6 AND 7) OR L6: (0 AND 1 AND 2 AND 3 AND 4 AND 5 AND 6 AND 7) OR L7: (0 AND 1 AND 2 AND 3 AND 4 AND 5 AND 6 AND 7) OR L8: (0 AND 1 AND 2 AND 3 AND 4 AND 5 AND 6 AND 7),7.293031958397478,8.587908989284188,0.24611398112028837,0.15930901281535625,28.8787130266428,29.162630031351,39.04497774055926,26.096797490026802,41.64831938396674,25.98306525760563,9.740279172547162,5.578730022534728,5.58803096646443,1.6029949765652418,23.06876698276028,11.35237398557365,22.7700499817729,11.351773049682379,27.387323963921517,26.710584003012627,43.21856261958601,0.2087248649331741,0.22643837291980162,14.472453040070832,1071.9255581498146,363.7022598995827,174,30,19392,270,1440,100.0
Fixed_Attrs_8_Files_10,10,8,L1: (0 AND 1 AND 2 AND 3 AND 4 AND 5 AND 6 AND 7) OR L2: (0 AND 1 AND 2 AND 3 AND 4 AND 5 AND 6 AND 7) OR L3: (0 AND 1 AND 2 AND 3 AND 4 AND 5 AND 6 AND 7) OR L4: (0 AND 1 AND 2 AND 3 AND 4 AND 5 AND 6 AND 7) OR L5: (0 AND 1 AND 2 AND 3 AND 4 AND 5 AND 6 AND 7) OR L6: (0 AND 1 AND 2 AND 3 AND 4 AND 5 AND 6 AND 7) OR L7: (0 AND 1 AND 2 AND 3 AND 4 AND 5 AND 6 AND 7) OR L8: (0 AND 1 AND 2 AND 3 AND 4 AND 5 AND 6 AND 7) OR L9: (0 AND 1 AND 2 AND 3 AND 4 AND 5 AND 6 AND 7) OR L10: (0 AND 1 AND 2 AND 3 AND 4 AND 5 AND 6 AND 7),7.342736003920436,8.339294989127666,0.20731298718601465,0.1796110300347209,28.979917988181114,28.59059500042349,36.53370620450005,22.92921979096718,35.654084401903674,23.011334298644215,10.168102162424475,5.531328031793237,5.613332963548601,1.4838880160823464,22.839654004201293,11.32547203451395,23.132270958740264,11.31727098254487,26.569575013127178,26.96379803819582,28.58952520764433,0.13075778842903674,0.14307848759926856,18.381688103545457,1191.4515491225757,307.0153029402718,174,30,24240,270,1440,100.0
Fixed_Attrs_8_Files_12,12,8,L1: (0 AND 1 AND 2 AND 3 AND 4 AND 5 AND 6 AND 7) OR L2: (0 AND 1 AND 2 AND 3 AND 4 AND 5 AND 6 AND 7) OR L3: (0 AND 1 AND 2 AND 3 AND 4 AND 5 AND 6 AND 7) OR L4: (0 AND 1 AND 2 AND 3 AND 4 AND 5 AND 6 AND 7) OR L5: (0 AND 1 AND 2 AND 3 AND 4 AND 5 AND 6 AND 7) OR L6: (0 AND 1 AND 2 AND 3 AND 4 AND 5 AND 6 AND 7) OR L7: (0 AND 1 AND 2 AND 3 AND 4 AND 5 AND 6 AND 7) OR L8: (0 AND 1 AND 2 AND 3 AND 4 AND 5 AND 6 AND 7) OR L9: (0 AND 1 AND 2 AND 3 AND 4 AND 5 AND 6 AND 7) OR L10: (0 AND 1 AND 2 AND 3 AND 4 AND 5 AND 6 AND 7) OR L11: (0 AND 1 AND 2 AND 3 AND 4 AND 5 AND 6 AND 7) OR L12: (0 AND 1 AND 2 AND 3 AND 4 AND 5 AND 6 AND 7),7.258330006152391,8.41319898609072,0.23031397722661495,0.1667100004851818,28.57889496954158,28.394682973157614,39.22152574523352,24.346276923703652,37.52253324879954,24.26827242015861,12.031610938720405,5.662235023919493,5.7129390188492835,1.7301030457019806,22.824154002591968,11.329172004479915,23.076069017406553,12.069916003383696,26.96289902087301,26.95449802558869,29.240042160381563,0.1423085826293876,0.14020858604150513,21.819895482622087,1516.3349109934643,376.09060743125156,174,30,29088,270,1440,100.0
Fixed_Attrs_8_Files_14,14,8,L1: (0 AND 1 AND 2 AND 3 AND 4 AND 5 AND 6 AND 7) OR L2: (0 AND 1 AND 2 AND 3 AND 4 AND 5 AND 6 AND 7) OR L3: (0 AND 1 AND 2 AND 3 AND 4 AND 5 AND 6 AND 7) OR L4: (0 AND 1 AND 2 AND 3 AND 4 AND 5 AND 6 AND 7) OR L5: (0 AND 1 AND 2 AND 3 AND 4 AND 5 AND 6 AND 7) OR L6: (0 AND 1 AND 2 AND 3 AND 4 AND 5 AND 6 AND 7) OR L7: (0 AND 1 AND 2 AND 3 AND 4 AND 5 AND 6 AND 7) OR L8: (0 AND 1 AND 2 AND 3 AND 4 AND 5 AND 6 AND 7) OR L9: (0 AND 1 AND 2 AND 3 AND 4 AND 5 AND 6 AND 7) OR L10: (0 AND 1 AND 2 AND 3 AND 4 AND 5 AND 6 AND 7) OR L11: (0 AND 1 AND 2 AND 3 AND 4 AND 5 AND 6 AND 7) OR L12: (0 AND 1 AND 2 AND 3 AND 4 AND 5 AND 6 AND 7) OR L13: (0 AND 1 AND 2 AND 3 AND 4 AND 5 AND 6 AND 7) OR L14: (0 AND 1 AND 2 AND 3 AND 4 AND 5 AND 6 AND 7),7.370437029749155,8.228087972383946,0.19241200061514974,0.15960994642227888,28.478787979111075,28.66180002456531,36.86492985746424,24.06071313972851,36.77920301145475,24.131345791309805,14.301450224593282,5.604932026471943,5.667535995598882,1.3979829964227974,23.059668019413948,11.296169948764145,22.85345603013411,11.251867981627584,26.68958395952359,30.483409005682915,29.059374002307386,0.13950091670267284,0.14450863818638027,26.823592255823314,1720.0081354239956,437.6309620565735,174,30,33936,270,1440,100.0
Fixed_Attrs_10_Files_2,2,10,L1: (0 AND 1 AND 2 AND 3 AND 4 AND 5 AND 6 AND 7 AND 8 AND 9) OR L2: (0 AND 1 AND 2 AND 3 AND 4 AND 5 AND 6 AND 7 AND 8 AND 9),7.190527045167983,8.215487003326416,0.2283139619976282,0.1702100271359086,28.63569901091978,28.62569794524461,44.85476150875911,28.678451461018994,44.78275650762953,28.85456252261065,2.1722278324887156,5.817244993522763,5.717338994145393,1.4568860060535371,29.372342047281563,14.23774496652186,28.529493021778762,14.242745004594326,33.737001998815686,32.763644005171955,40.55550598422997,0.1538590295240283,0.14280900359153748,5.420324101578444,296.5132918325253,87.12467213626951,174,30,5928,270,1800,100.0
Fixed_Attrs_10_Files_4,4,10,L1: (0 AND 1 AND 2 AND 3 AND 4 AND 5 AND 6 AND 7 AND 8 AND 9) OR L2: (0 AND 1 AND 2 AND 3 AND 4 AND 5 AND 6 AND 7 AND 8 AND 9) OR L3: (0 AND 1 AND 2 AND 3 AND 4 AND 5 AND 6 AND 7 AND 8 AND 9) OR L4: (0 AND 1 AND 2 AND 3 AND 4 AND 5 AND 6 AND 7 AND 8 AND 9),7.291932997759432,8.314592996612191,0.20661205053329468,0.19301200518384576,28.74000498559326,28.718804009258747,52.90513874206226,30.53573648503516,44.93791624554433,28.72087874857243,4.106643027625978,5.649034981615841,5.634934001136571,1.480787992477417,29.541752999648452,14.314549043774605,28.893414011690766,14.240043994504958,32.549531024415046,33.20066898595542,35.24019072938245,0.14488351007457823,0.13973349996376783,7.585048791952431,632.5053239124827,149.6842797496356,174,30,11856,270,1800,100.0
Fixed_Attrs_10_Files_6,6,10,L1: (0 AND 1 AND 2 AND 3 AND 4 AND 5 AND 6 AND 7 AND 8 AND 9) OR L2: (0 AND 1 AND 2 AND 3 AND 4 AND 5 AND 6 AND 7 AND 8 AND 9) OR L3: (0 AND 1 AND 2 AND 3 AND 4 AND 5 AND 6 AND 7 AND 8 AND 9) OR L4: (0 AND 1 AND 2 AND 3 AND 4 AND 5 AND 6 AND 7 AND 8 AND 9) OR L5: (0 AND 1 AND 2 AND 3 AND 4 AND 5 AND 6 AND 7 AND 8 AND 9) OR L6: (0 AND 1 AND 2 AND 3 AND 4 AND 5 AND 6 AND 7 AND 8 AND 9),7.266030996106565,8.888926997315139,0.21101196762174368,0.22301299031823874,29.098725994117558,28.555194032378495,44.157103004787736,28.34988233128873,43.914388991349064,28.815759501109522,5.986857111565769,5.592132045421749,6.717498996295035,1.4965890441089869,28.847212030086666,14.192442002240568,28.631998982746154,14.201142999809235,32.03740098979324,32.87115000421181,34.9954261619132,0.1333746671055754,0.14079165218087533,11.02485484443605,877.4096600827761,222.64240973163396,174,30,17784,270,1800,100.0
Fixed_Attrs_10_Files_8,8,10,L1: (0 AND 1 AND 2 AND 3 AND 4 AND 5 AND 6 AND 7 AND 8 AND 9) OR L2: (0 AND 1 AND 2 AND 3 AND 4 AND 5 AND 6 AND 7 AND 8 AND 9) OR L3: (0 AND 1 AND 2 AND 3 AND 4 AND 5 AND 6 AND 7 AND 8 AND 9) OR L4: (0 AND 1 AND 2 AND 3 AND 4 AND 5 AND 6 AND 7 AND 8 AND 9) OR L5: (0 AND 1 AND 2 AND 3 AND 4 AND 5 AND 6 AND 7 AND 8 AND 9) OR L6: (0 AND 1 AND 2 AND 3 AND 4 AND 5 AND 6 AND 7 AND 8 AND 9) OR L7: (0 AND 1 AND 2 AND 3 AND 4 AND 5 AND 6 AND 7 AND 8 AND 9) OR L8: (0 AND 1 AND 2 AND 3 AND 4 AND 5 AND 6 AND 7 AND 8 AND 9),7.58794997818768,8.209787018131465,0.21141197066754103,0.17000996740534902,28.71550398413092,28.500890010036528,44.04835112654837,28.56694486399647,44.12450550444191,28.768556490831543,8.115184027701616,5.603232013527304,5.692036997061223,1.4404859975911677,28.57619500719011,14.113436976913363,28.5578949842602,14.26914701005444,33.16926799016073,32.67723903991282,35.26537989091594,0.15059648285387084,0.15238401101669297,14.479960140306503,1172.182047914248,299.0268432185985,174,30,23712,270,1800,100.0
Fixed_Attrs_10_Files_10,10,10,L1: (0 AND 1 AND 2 AND 3 AND 4 AND 5 AND 6 AND 7 AND 8 AND 9) OR L2: (0 AND 1 AND 2 AND 3 AND 4 AND 5 AND 6 AND 7 AND 8 AND 9) OR L3: (0 AND 1 AND 2 AND 3 AND 4 AND 5 AND 6 AND 7 AND 8 AND 9) OR L4: (0 AND 1 AND 2 AND 3 AND 4 AND 5 AND 6 AND 7 AND 8 AND 9) OR L5: (0 AND 1 AND 2 AND 3 AND 4 AND 5 AND 6 AND 7 AND 8 AND 9) OR L6: (0 AND 1 AND 2 AND 3 AND 4 AND 5 AND 6 AND 7 AND 8 AND 9) OR L7: (0 AND 1 AND 2 AND 3 AND 4 AND 5 AND 6 AND 7 AND 8 AND 9) OR L8: (0 AND 1 AND 2 AND 3 AND 4 AND 5 AND 6 AND 7 AND 8 AND 9) OR L9: (0 AND 1 AND 2 AND 3 AND 4 AND 5 AND 6 AND 7 AND 8 AND 9) OR L10: (0 AND 1 AND 2 AND 3 AND 4 AND 5 AND 6 AND 7 AND 8 AND 9),7.358136004768312,8.398297999519855,0.22821297170594335,0.1894109882414341,28.421887021977454,28.442288050428033,44.536679988959804,28.501389495795593,43.956794805126265,28.685289685381576,10.001997114159167,5.636233021505177,5.650933017022908,1.4691870310343802,28.42187898932025,14.219839998986572,28.56248803436756,14.279943017754704,31.85978200053796,32.437117013614625,35.44221390620805,0.13627790031023324,0.14354850281961262,18.055566877592355,1466.8035368667915,375.27596997097135,174,30,29640,270,1800,100.0
Fixed_Attrs_10_Files_12,12,10,L1: (0 AND 1 AND 2 AND 3 AND 4 AND 5 AND 6 AND 7 AND 8 AND 9) OR L2: (0 AND 1 AND 2 AND 3 AND 4 AND 5 AND 6 AND 7 AND 8 AND 9) OR L3: (0 AND 1 AND 2 AND 3 AND 4 AND 5 AND 6 AND 7 AND 8 AND 9) OR L4: (0 AND 1 AND 2 AND 3 AND 4 AND 5 AND 6 AND 7 AND 8 AND 9) OR L5: (0 AND 1 AND 2 AND 3 AND 4 AND 5 AND 6 AND 7 AND 8 AND 9) OR L6: (0 AND 1 AND 2 AND 3 AND 4 AND 5 AND 6 AND 7 AND 8 AND 9) OR L7: (0 AND 1 AND 2 AND 3 AND 4 AND 5 AND 6 AND 7 AND 8 AND 9) OR L8: (0 AND 1 AND 2 AND 3 AND 4 AND 5 AND 6 AND 7 AND 8 AND 9) OR L9: (0 AND 1 AND 2 AND 3 AND 4 AND 5 AND 6 AND 7 AND 8 AND 9) OR L10: (0 AND 1 AND 2 AND 3 AND 4 AND 5 AND 6 AND 7 AND 8 AND 9) OR L11: (0 AND 1 AND 2 AND 3 AND 4 AND 5 AND 6 AND 7 AND 8 AND 9) OR L12: (0 AND 1 AND 2 AND 3 AND 4 AND 5 AND 6 AND 7 AND 8 AND 9),7.352933986112475,8.076377038378268,0.20601198775693774,0.163209973834455,28.277670964598656,28.40127795934677,44.843665911078766,29.152672252772998,44.80986408695268,29.220634828864906,12.012612191028893,5.642632953822613,5.671634979080409,1.4047830482013524,28.621991048566997,14.107232971582562,28.555186989251524,14.069831988308579,32.44401700794697,32.366211991757154,34.93753899238072,0.141341908602044,0.14564191709117344,21.721076918765903,1788.334657147061,444.4153507356532,174,30,35568,270,1800,100.0
Fixed_Attrs_10_Files_14,14,10,L1: (0 AND 1 AND 2 AND 3 AND 4 AND 5 AND 6 AND 7 AND 8 AND 9) OR L2: (0 AND 1 AND 2 AND 3 AND 4 AND 5 AND 6 AND 7 AND 8 AND 9) OR L3: (0 AND 1 AND 2 AND 3 AND 4 AND 5 AND 6 AND 7 AND 8 AND 9) OR L4: (0 AND 1 AND 2 AND 3 AND 4 AND 5 AND 6 AND 7 AND 8 AND 9) OR L5: (0 AND 1 AND 2 AND 3 AND 4 AND 5 AND 6 AND 7 AND 8 AND 9) OR L6: (0 AND 1 AND 2 AND 3 AND 4 AND 5 AND 6 AND 7 AND 8 AND 9) OR L7: (0 AND 1 AND 2 AND 3 AND 4 AND 5 AND 6 AND 7 AND 8 AND 9) OR L8: (0 AND 1 AND 2 AND 3 AND 4 AND 5 AND 6 AND 7 AND 8 AND 9) OR L9: (0 AND 1 AND 2 AND 3 AND 4 AND 5 AND 6 AND 7 AND 8 AND 9) OR L10: (0 AND 1 AND 2 AND 3 AND 4 AND 5 AND 6 AND 7 AND 8 AND 9) OR L11: (0 AND 1 AND 2 AND 3 AND 4 AND 5 AND 6 AND 7 AND 8 AND 9) OR L12: (0 AND 1 AND 2 AND 3 AND 4 AND 5 AND 6 AND 7 AND 8 AND 9) OR L13: (0 AND 1 AND 2 AND 3 AND 4 AND 5 AND 6 AND 7 AND 8 AND 9) OR L14: (0 AND 1 AND 2 AND 3 AND 4 AND 5 AND 6 AND 7 AND 8 AND 9),7.279729994479567,8.23718699393794,0.21561305038630962,0.156109977979213,29.352933983318508,29.476340976543725,46.299864005829605,29.18037400896927,44.68426835956052,29.081496638744802,14.02262574993074,5.711738020181656,5.714738043025136,1.5700929798185825,29.805561003740877,14.630664023570716,29.56654696026817,16.764891042839736,33.969406969845295,32.78073703404516,35.00455378005946,0.13775799639656075,0.14530142237033164,25.555607513524592,2103.4666679333895,519.5821922970936,174,30,41496,270,1800,100.0
Fixed_Attrs_12_Files_2,2,12,L1: (0 AND 1 AND 2 AND 3 AND 4 AND 5 AND 6 AND 7 AND 8 AND 9 AND 10 AND 11) OR L2: (0 AND 1 AND 2 AND 3 AND 4 AND 5 AND 6 AND 7 AND 8 AND 9 AND 10 AND 11),7.221526000648737,8.350193034857512,0.2110120258294046,0.18501101294532418,28.31747301388532,28.531184943858534,52.866022975649685,34.15416748612188,53.543613030342385,34.69164951820858,2.1156249567866325,5.6300320429727435,5.545527033973485,1.4827880077064037,34.11561599932611,16.919998975936323,34.141117008402944,17.767049022950232,37.953541963361204,38.39436802081764,41.875323484418914,0.12565799988806248,0.14985899906605482,3.750921052414924,352.6265309774317,88.05260201916099,174,30,7008,270,2160,100.0
Fixed_Attrs_12_Files_4,4,12,L1: (0 AND 1 AND 2 AND 3 AND 4 AND 5 AND 6 AND 7 AND 8 AND 9 AND 10 AND 11) OR L2: (0 AND 1 AND 2 AND 3 AND 4 AND 5 AND 6 AND 7 AND 8 AND 9 AND 10 AND 11) OR L3: (0 AND 1 AND 2 AND 3 AND 4 AND 5 AND 6 AND 7 AND 8 AND 9 AND 10 AND 11) OR L4: (0 AND 1 AND 2 AND 3 AND 4 AND 5 AND 6 AND 7 AND 8 AND 9 AND 10 AND 11),7.317431969568133,8.141080965287983,0.23061298998072743,0.17270998796448112,28.413678985089064,28.86300499085337,53.09373699128628,34.074588227667846,52.15663150011096,34.42150850605685,4.349656926933676,5.622531985864043,5.667435005307198,1.4394850004464388,34.060312958899885,16.8201940250583,34.34162895428017,17.010505020152777,38.06805197382346,38.21166098350659,47.82540451560635,0.13440799375530332,0.1433587312931195,7.193320780061185,699.3355178274214,199.60600574268028,174,30,14016,270,2160,100.0
Fixed_Attrs_12_Files_6,6,12,L1: (0 AND 1 AND 2 AND 3 AND 4 AND 5 AND 6 AND 7 AND 8 AND 9 AND 10 AND 11) OR L2: (0 AND 1 AND 2 AND 3 AND 4 AND 5 AND 6 AND 7 AND 8 AND 9 AND 10 AND 11) OR L3: (0 AND 1 AND 2 AND 3 AND 4 AND 5 AND 6 AND 7 AND 8 AND 9 AND 10 AND 11) OR L4: (0 AND 1 AND 2 AND 3 AND 4 AND 5 AND 6 AND 7 AND 8 AND 9 AND 10 AND 11) OR L5: (0 AND 1 AND 2 AND 3 AND 4 AND 5 AND 6 AND 7 AND 8 AND 9 AND 10 AND 11) OR L6: (0 AND 1 AND 2 AND 3 AND 4 AND 5 AND 6 AND 7 AND 8 AND 9 AND 10 AND 11),7.300132012460381,8.180884004104882,0.2223130431957543,0.179910974111408,28.426181990653276,28.508585994131863,52.763905007547386,34.2742278201816,52.431369006323315,34.39815150341019,6.077957921661437,5.634433007799089,5.7073369971476495,1.4864879776723683,34.02431297581643,16.950002987869084,34.065014973748475,17.84575602505356,38.62448496511206,38.31936698406935,41.654864500742406,0.13515799461553493,0.14014168603656194,11.354472138918936,1049.2838779464364,262.93545722728595,174,30,21024,270,2160,100.0
Fixed_Attrs_12_Files_8,8,12,L1: (0 AND 1 AND 2 AND 3 AND 4 AND 5 AND 6 AND 7 AND 8 AND 9 AND 10 AND 11) OR L2: (0 AND 1 AND 2 AND 3 AND 4 AND 5 AND 6 AND 7 AND 8 AND 9 AND 10 AND 11) OR L3: (0 AND 1 AND 2 AND 3 AND 4 AND 5 AND 6 AND 7 AND 8 AND 9 AND 10 AND 11) OR L4: (0 AND 1 AND 2 AND 3 AND 4 AND 5 AND 6 AND 7 AND 8 AND 9 AND 10 AND 11) OR L5: (0 AND 1 AND 2 AND 3 AND 4 AND 5 AND 6 AND 7 AND 8 AND 9 AND 10 AND 11) OR L6: (0 AND 1 AND 2 AND 3 AND 4 AND 5 AND 6 AND 7 AND 8 AND 9 AND 10 AND 11) OR L7: (0 AND 1 AND 2 AND 3 AND 4 AND 5 AND 6 AND 7 AND 8 AND 9 AND 10 AND 11) OR L8: (0 AND 1 AND 2 AND 3 AND 4 AND 5 AND 6 AND 7 AND 8 AND 9 AND 10 AND 11),7.2833310114219785,8.209985971916467,0.22271397756412625,0.15730905579403043,28.34587701363489,29.170226014684886,53.07344025641214,34.68070162489312,52.29828174924478,34.33474388293689,8.005577139556408,5.794643016997725,5.5290270247496665,1.4885879936628044,34.26392696565017,17.087411019019783,34.12001900142059,17.013106029480696,38.26456400565803,37.42391400737688,41.860451754473615,0.13229512114776298,0.13832062541041523,14.224043057765812,1403.1029172474518,351.27258306602016,174,30,28032,270,2160,100.0
Fixed_Attrs_12_Files_10,10,12,L1: (0 AND 1 AND 2 AND 3 AND 4 AND 5 AND 6 AND 7 AND 8 AND 9 AND 10 AND 11) OR L2: (0 AND 1 AND 2 AND 3 AND 4 AND 5 AND 6 AND 7 AND 8 AND 9 AND 10 AND 11) OR L3: (0 AND 1 AND 2 AND 3 AND 4 AND 5 AND 6 AND 7 AND 8 AND 9 AND 10 AND 11) OR L4: (0 AND 1 AND 2 AND 3 AND 4 AND 5 AND 6 AND 7 AND 8 AND 9 AND 10 AND 11) OR L5: (0 AND 1 AND 2 AND 3 AND 4 AND 5 AND 6 AND 7 AND 8 AND 9 AND 10 AND 11) OR L6: (0 AND 1 AND 2 AND 3 AND 4 AND 5 AND 6 AND 7 AND 8 AND 9 AND 10 AND 11) OR L7: (0 AND 1 AND 2 AND 3 AND 4 AND 5 AND 6 AND 7 AND 8 AND 9 AND 10 AND 11) OR L8: (0 AND 1 AND 2 AND 3 AND 4 AND 5 AND 6 AND 7 AND 8 AND 9 AND 10 AND 11) OR L9: (0 AND 1 AND 2 AND 3 AND 4 AND 5 AND 6 AND 7 AND 8 AND 9 AND 10 AND 11) OR L10: (0 AND 1 AND 2 AND 3 AND 4 AND 5 AND 6 AND 7 AND 8 AND 9 AND 10 AND 11),7.243128959089518,8.233586966525763,0.2070119953714311,0.18581101903691888,28.31397601403296,28.44008302781731,54.611131094861776,35.29157780576497,53.56291890493594,35.080065502552316,9.996295906603336,5.688737030141056,5.679535970557481,1.4273850247263908,34.39243498723954,17.0906109851785,35.14547902159393,17.120313015766442,37.266503961291164,38.37227000622079,42.32575430651195,0.13534799800254405,0.13793809921480715,17.868956667371094,1795.4532289877534,443.85936070466414,174,30,35040,270,2160,100.0
Fixed_Attrs_12_Files_12,12,12,L1: (0 AND 1 AND 2 AND 3 AND 4 AND 5 AND 6 AND 7 AND 8 AND 9 AND 10 AND 11) OR L2: (0 AND 1 AND 2 AND 3 AND 4 AND 5 AND 6 AND 7 AND 8 AND 9 AND 10 AND 11) OR L3: (0 AND 1 AND 2 AND 3 AND 4 AND 5 AND 6 AND 7 AND 8 AND 9 AND 10 AND 11) OR L4: (0 AND 1 AND 2 AND 3 AND 4 AND 5 AND 6 AND 7 AND 8 AND 9 AND 10 AND 11) OR L5: (0 AND 1 AND 2 AND 3 AND 4 AND 5 AND 6 AND 7 AND 8 AND 9 AND 10 AND 11) OR L6: (0 AND 1 AND 2 AND 3 AND 4 AND 5 AND 6 AND 7 AND 8 AND 9 AND 10 AND 11) OR L7: (0 AND 1 AND 2 AND 3 AND 4 AND 5 AND 6 AND 7 AND 8 AND 9 AND 10 AND 11) OR L8: (0 AND 1 AND 2 AND 3 AND 4 AND 5 AND 6 AND 7 AND 8 AND 9 AND 10 AND 11) OR L9: (0 AND 1 AND 2 AND 3 AND 4 AND 5 AND 6 AND 7 AND 8 AND 9 AND 10 AND 11) OR L10: (0 AND 1 AND 2 AND 3 AND 4 AND 5 AND 6 AND 7 AND 8 AND 9 AND 10 AND 11) OR L11: (0 AND 1 AND 2 AND 3 AND 4 AND 5 AND 6 AND 7 AND 8 AND 9 AND 10 AND 11) OR L12: (0 AND 1 AND 2 AND 3 AND 4 AND 5 AND 6 AND 7 AND 8 AND 9 AND 10 AND 11),7.224828004837036,8.549706020858139,0.22811401868239045,0.16140897059813142,28.785002999939024,28.900909004732966,53.77979317563586,34.537803827940174,52.60603224451188,35.536596498180494,12.119417253416032,5.782543041277677,5.667335994075984,1.4698879676871002,34.21932994388044,16.871000989340246,34.11772398976609,17.03441102290526,37.65143401687965,38.26797002693638,41.42725799950616,0.1408166620725145,0.14007500431034714,21.792488114442676,2129.642126208637,522.2902841051109,174,30,42048,270,2160,100.0
Fixed_Attrs_12_Files_14,14,12,L1: (0 AND 1 AND 2 AND 3 AND 4 AND 5 AND 6 AND 7 AND 8 AND 9 AND 10 AND 11) OR L2: (0 AND 1 AND 2 AND 3 AND 4 AND 5 AND 6 AND 7 AND 8 AND 9 AND 10 AND 11) OR L3: (0 AND 1 AND 2 AND 3 AND 4 AND 5 AND 6 AND 7 AND 8 AND 9 AND 10 AND 11) OR L4: (0 AND 1 AND 2 AND 3 AND 4 AND 5 AND 6 AND 7 AND 8 AND 9 AND 10 AND 11) OR L5: (0 AND 1 AND 2 AND 3 AND 4 AND 5 AND 6 AND 7 AND 8 AND 9 AND 10 AND 11) OR L6: (0 AND 1 AND 2 AND 3 AND 4 AND 5 AND 6 AND 7 AND 8 AND 9 AND 10 AND 11) OR L7: (0 AND 1 AND 2 AND 3 AND 4 AND 5 AND 6 AND 7 AND 8 AND 9 AND 10 AND 11) OR L8: (0 AND 1 AND 2 AND 3 AND 4 AND 5 AND 6 AND 7 AND 8 AND 9 AND 10 AND 11) OR L9: (0 AND 1 AND 2 AND 3 AND 4 AND 5 AND 6 AND 7 AND 8 AND 9 AND 10 AND 11) OR L10: (0 AND 1 AND 2 AND 3 AND 4 AND 5 AND 6 AND 7 AND 8 AND 9 AND 10 AND 11) OR L11: (0 AND 1 AND 2 AND 3 AND 4 AND 5 AND 6 AND 7 AND 8 AND 9 AND 10 AND 11) OR L12: (0 AND 1 AND 2 AND 3 AND 4 AND 5 AND 6 AND 7 AND 8 AND 9 AND 10 AND 11) OR L13: (0 AND 1 AND 2 AND 3 AND 4 AND 5 AND 6 AND 7 AND 8 AND 9 AND 10 AND 11) OR L14: (0 AND 1 AND 2 AND 3 AND 4 AND 5 AND 6 AND 7 AND 8 AND 9 AND 10 AND 11),7.36073701409623,8.271991042420268,0.20271202083677053,0.15910901129245758,28.498790983576328,28.423586976714432,52.75683050110404,34.20636535572287,52.291466925193426,34.52422715573838,13.940827338956296,5.644535005558282,5.790943978354335,1.5237900079227984,34.27243302576244,17.04191096359864,34.26793299149722,17.049510963261127,38.07195898843929,38.455381989479065,42.13335707650653,0.1367009910089629,0.1411655726509967,26.041844161227345,2446.8452864675783,619.7989751235582,174,30,49056,270,2160,100.0
Fixed_Attrs_14_Files_2,2,14,L1: (0 AND 1 AND 2 AND 3 AND 4 AND 5 AND 6 AND 7 AND 8 AND 9 AND 10 AND 11 AND 12 AND 13) OR L2: (0 AND 1 AND 2 AND 3 AND 4 AND 5 AND 6 AND 7 AND 8 AND 9 AND 10 AND 11 AND 12 AND 13),7.456341991201043,8.270590973552316,0.23741397308185697,0.161609030328691,28.423685987945646,28.940716991201043,61.71321147121489,39.89366698078811,60.95466751139611,40.53645546082407,2.1057258709333837,5.6678359978832304,5.631534033454955,1.5089900116436183,39.72225700272247,19.904481014236808,39.896867994684726,19.974386028479785,44.57804496632889,45.275686017703265,47.791286022402346,0.14300848124548793,0.15150901162996888,3.997436026111245,408.30172871937975,100.16904305666685,174,30,8088,270,2520,100.0
Fixed_Attrs_14_Files_4,4,14,L1: (0 AND 1 AND 2 AND 3 AND 4 AND 5 AND 6 AND 7 AND 8 AND 9 AND 10 AND 11 AND 12 AND 13) OR L2: (0 AND 1 AND 2 AND 3 AND 4 AND 5 AND 6 AND 7 AND 8 AND 9 AND 10 AND 11 AND 12 AND 13) OR L3: (0 AND 1 AND 2 AND 3 AND 4 AND 5 AND 6 AND 7 AND 8 AND 9 AND 10 AND 11 AND 12 AND 13) OR L4: (0 AND 1 AND 2 AND 3 AND 4 AND 5 AND 6 AND 7 AND 8 AND 9 AND 10 AND 11 AND 12 AND 13),7.41063995519653,8.596609986852854,0.2786159748211503,0.2580150030553341,31.501968973316252,28.574296040460467,64.00504773773719,40.87540024193004,62.96778627438471,42.061220985488035,4.105142899788916,5.661436007358134,5.593231995590031,1.4642869937233627,40.97213101340458,20.188997965306044,40.12928099837154,19.845778006128967,43.51858195150271,43.277868011500686,47.919368487782776,0.13240800763014704,0.13428300735540688,7.147923810407519,843.7429638579488,199.89216182148084,174,30,16176,270,2520,100.0
Fixed_Attrs_14_Files_6,6,14,L1: (0 AND 1 AND 2 AND 3 AND 4 AND 5 AND 6 AND 7 AND 8 AND 9 AND 10 AND 11 AND 12 AND 13) OR L2: (0 AND 1 AND 2 AND 3 AND 4 AND 5 AND 6 AND 7 AND 8 AND 9 AND 10 AND 11 AND 12 AND 13) OR L3: (0 AND 1 AND 2 AND 3 AND 4 AND 5 AND 6 AND 7 AND 8 AND 9 AND 10 AND 11 AND 12 AND 13) OR L4: (0 AND 1 AND 2 AND 3 AND 4 AND 5 AND 6 AND 7 AND 8 AND 9 AND 10 AND 11 AND 12 AND 13) OR L5: (0 AND 1 AND 2 AND 3 AND 4 AND 5 AND 6 AND 7 AND 8 AND 9 AND 10 AND 11 AND 12 AND 13) OR L6: (0 AND 1 AND 2 AND 3 AND 4 AND 5 AND 6 AND 7 AND 8 AND 9 AND 10 AND 11 AND 12 AND 13),7.163725036662072,8.328494033776224,0.2635150449350476,0.16540999058634043,28.310880006756634,29.296438035089523,61.304659669985995,40.544831504424415,61.33082767094796,40.62156784736241,6.141865800600499,5.788840004242957,5.537224991712719,1.4391840086318552,41.46413697162643,29.31602398166433,41.502339008729905,20.000474993139505,45.21385801490396,43.698168999981135,48.48259982342521,0.1482586570394536,0.140541650277252,10.919743101112545,1228.9531859569252,303.54814388556406,174,30,24264,270,2520,100.0
Fixed_Attrs_14_Files_8,8,14,L1: (0 AND 1 AND 2 AND 3 AND 4 AND 5 AND 6 AND 7 AND 8 AND 9 AND 10 AND 11 AND 12 AND 13) OR L2: (0 AND 1 AND 2 AND 3 AND 4 AND 5 AND 6 AND 7 AND 8 AND 9 AND 10 AND 11 AND 12 AND 13) OR L3: (0 AND 1 AND 2 AND 3 AND 4 AND 5 AND 6 AND 7 AND 8 AND 9 AND 10 AND 11 AND 12 AND 13) OR L4: (0 AND 1 AND 2 AND 3 AND 4 AND 5 AND 6 AND 7 AND 8 AND 9 AND 10 AND 11 AND 12 AND 13) OR L5: (0 AND 1 AND 2 AND 3 AND 4 AND 5 AND 6 AND 7 AND 8 AND 9 AND 10 AND 11 AND 12 AND 13) OR L6: (0 AND 1 AND 2 AND 3 AND 4 AND 5 AND 6 AND 7 AND 8 AND 9 AND 10 AND 11 AND 12 AND 13) OR L7: (0 AND 1 AND 2 AND 3 AND 4 AND 5 AND 6 AND 7 AND 8 AND 9 AND 10 AND 11 AND 12 AND 13) OR L8: (0 AND 1 AND 2 AND 3 AND 4 AND 5 AND 6 AND 7 AND 8 AND 9 AND 10 AND 11 AND 12 AND 13),7.60634703328833,8.906623988877982,0.20971300546079874,0.1581090036779642,30.27007996570319,38.532865000888705,61.632860255485866,40.16578612208832,61.762180128425825,40.57689750334248,8.426594140473753,6.622689019422978,5.687833996489644,1.392682024743408,39.95904896873981,20.014475972857326,39.540024008601904,19.893468997906893,43.6009630211629,44.50151603668928,48.18744499789318,0.1337703797616996,0.14049588207853958,14.365443959832191,1641.5283862152137,402.05913403769955,174,30,32352,270,2520,100.0
Fixed_Attrs_14_Files_10,10,14,L1: (0 AND 1 AND 2 AND 3 AND 4 AND 5 AND 6 AND 7 AND 8 AND 9 AND 10 AND 11 AND 12 AND 13) OR L2: (0 AND 1 AND 2 AND 3 AND 4 AND 5 AND 6 AND 7 AND 8 AND 9 AND 10 AND 11 AND 12 AND 13) OR L3: (0 AND 1 AND 2 AND 3 AND 4 AND 5 AND 6 AND 7 AND 8 AND 9 AND 10 AND 11 AND 12 AND 13) OR L4: (0 AND 1 AND 2 AND 3 AND 4 AND 5 AND 6 AND 7 AND 8 AND 9 AND 10 AND 11 AND 12 AND 13) OR L5: (0 AND 1 AND 2 AND 3 AND 4 AND 5 AND 6 AND 7 AND 8 AND 9 AND 10 AND 11 AND 12 AND 13) OR L6: (0 AND 1 AND 2 AND 3 AND 4 AND 5 AND 6 AND 7 AND 8 AND 9 AND 10 AND 11 AND 12 AND 13) OR L7: (0 AND 1 AND 2 AND 3 AND 4 AND 5 AND 6 AND 7 AND 8 AND 9 AND 10 AND 11 AND 12 AND 13) OR L8: (0 AND 1 AND 2 AND 3 AND 4 AND 5 AND 6 AND 7 AND 8 AND 9 AND 10 AND 11 AND 12 AND 13) OR L9: (0 AND 1 AND 2 AND 3 AND 4 AND 5 AND 6 AND 7 AND 8 AND 9 AND 10 AND 11 AND 12 AND 13) OR L10: (0 AND 1 AND 2 AND 3 AND 4 AND 5 AND 6 AND 7 AND 8 AND 9 AND 10 AND 11 AND 12 AND 13),7.2721270262263715,8.523200987838209,0.2413140027783811,0.1626100274734199,29.188916028942913,28.570379014126956,63.252167974133044,40.026342403143644,61.01732670213096,40.2222842851188,10.2957051130943,5.619430041406304,5.54252602159977,1.4348840340971947,40.174961963202804,19.788762961979955,39.96714897220954,19.986774947028607,44.18159701162949,44.36840798007324,48.891524103237316,0.13984799734316766,0.14670859673060477,18.44348630402237,2055.476918758359,510.22429327713326,174,30,40440,270,2520,100.0
Fixed_Attrs_14_Files_12,12,14,L1: (0 AND 1 AND 2 AND 3 AND 4 AND 5 AND 6 AND 7 AND 8 AND 9 AND 10 AND 11 AND 12 AND 13) OR L2: (0 AND 1 AND 2 AND 3 AND 4 AND 5 AND 6 AND 7 AND 8 AND 9 AND 10 AND 11 AND 12 AND 13) OR L3: (0 AND 1 AND 2 AND 3 AND 4 AND 5 AND 6 AND 7 AND 8 AND 9 AND 10 AND 11 AND 12 AND 13) OR L4: (0 AND 1 AND 2 AND 3 AND 4 AND 5 AND 6 AND 7 AND 8 AND 9 AND 10 AND 11 AND 12 AND 13) OR L5: (0 AND 1 AND 2 AND 3 AND 4 AND 5 AND 6 AND 7 AND 8 AND 9 AND 10 AND 11 AND 12 AND 13) OR L6: (0 AND 1 AND 2 AND 3 AND 4 AND 5 AND 6 AND 7 AND 8 AND 9 AND 10 AND 11 AND 12 AND 13) OR L7: (0 AND 1 AND 2 AND 3 AND 4 AND 5 AND 6 AND 7 AND 8 AND 9 AND 10 AND 11 AND 12 AND 13) OR L8: (0 AND 1 AND 2 AND 3 AND 4 AND 5 AND 6 AND 7 AND 8 AND 9 AND 10 AND 11 AND 12 AND 13) OR L9: (0 AND 1 AND 2 AND 3 AND 4 AND 5 AND 6 AND 7 AND 8 AND 9 AND 10 AND 11 AND 12 AND 13) OR L10: (0 AND 1 AND 2 AND 3 AND 4 AND 5 AND 6 AND 7 AND 8 AND 9 AND 10 AND 11 AND 12 AND 13) OR L11: (0 AND 1 AND 2 AND 3 AND 4 AND 5 AND 6 AND 7 AND 8 AND 9 AND 10 AND 11 AND 12 AND 13) OR L12: (0 AND 1 AND 2 AND 3 AND 4 AND 5 AND 6 AND 7 AND 8 AND 9 AND 10 AND 11 AND 12 AND 13),7.3151299729943275,8.28448700485751,0.2599150175228715,0.16580900410190225,28.345765953417867,28.638284013140947,61.53494657094901,40.38747167214751,62.32900617275542,40.688351155646764,11.96829997934401,5.628396000247449,5.630595958791673,1.4125749585218728,39.854494971223176,20.02175198867917,40.66363797755912,19.746737962123007,43.55499002849683,44.20272400602698,48.70091025562336,0.13604891622283807,0.14694115573850772,21.4818223612383,2471.2456068373285,609.2886262922548,174,30,48528,270,2520,100.0
Fixed_Attrs_14_Files_14,14,14,L1: (0 AND 1 AND 2 AND 3 AND 4 AND 5 AND 6 AND 7 AND 8 AND 9 AND 10 AND 11 AND 12 AND 13) OR L2: (0 AND 1 AND 2 AND 3 AND 4 AND 5 AND 6 AND 7 AND 8 AND 9 AND 10 AND 11 AND 12 AND 13) OR L3: (0 AND 1 AND 2 AND 3 AND 4 AND 5 AND 6 AND 7 AND 8 AND 9 AND 10 AND 11 AND 12 AND 13) OR L4: (0 AND 1 AND 2 AND 3 AND 4 AND 5 AND 6 AND 7 AND 8 AND 9 AND 10 AND 11 AND 12 AND 13) OR L5: (0 AND 1 AND 2 AND 3 AND 4 AND 5 AND 6 AND 7 AND 8 AND 9 AND 10 AND 11 AND 12 AND 13) OR L6: (0 AND 1 AND 2 AND 3 AND 4 AND 5 AND 6 AND 7 AND 8 AND 9 AND 10 AND 11 AND 12 AND 13) OR L7: (0 AND 1 AND 2 AND 3 AND 4 AND 5 AND 6 AND 7 AND 8 AND 9 AND 10 AND 11 AND 12 AND 13) OR L8: (0 AND 1 AND 2 AND 3 AND 4 AND 5 AND 6 AND 7 AND 8 AND 9 AND 10 AND 11 AND 12 AND 13) OR L9: (0 AND 1 AND 2 AND 3 AND 4 AND 5 AND 6 AND 7 AND 8 AND 9 AND 10 AND 11 AND 12 AND 13) OR L10: (0 AND 1 AND 2 AND 3 AND 4 AND 5 AND 6 AND 7 AND 8 AND 9 AND 10 AND 11 AND 12 AND 13) OR L11: (0 AND 1 AND 2 AND 3 AND 4 AND 5 AND 6 AND 7 AND 8 AND 9 AND 10 AND 11 AND 12 AND 13) OR L12: (0 AND 1 AND 2 AND 3 AND 4 AND 5 AND 6 AND 7 AND 8 AND 9 AND 10 AND 11 AND 12 AND 13) OR L13: (0 AND 1 AND 2 AND 3 AND 4 AND 5 AND 6 AND 7 AND 8 AND 9 AND 10 AND 11 AND 12 AND 13) OR L14: (0 AND 1 AND 2 AND 3 AND 4 AND 5 AND 6 AND 7 AND 8 AND 9 AND 10 AND 11 AND 12 AND 13),7.449391996487975,8.311337034683675,0.2751150168478489,0.19310996867716312,28.468095988500863,28.27148698270321,64.35096185305156,40.066591929644346,61.63540478779136,40.55200314698076,14.280052739195526,5.617694987449795,5.810404953081161,1.4436759520322084,39.888996980153024,19.992451008874923,39.69628701452166,20.191660965792835,44.01861398946494,44.42033596569672,48.1723897890853,0.13429278624244034,0.13903585828042456,24.91490711690858,2906.749516783748,703.1549651874229,174,30,56616,270,2520,100.0
